"","anger","betrayal","callousness","challenging authority","contempt","deception","desire","disgust","harm to others","harm to the self","hedonism","irresponsibility","norm violation","self-indulgence","sense of dirtiness","unjust-gain","harm to society","disrupting social order","psychological harm","self-interest","fairness violation","strategy","shame","guilt","autonomy violation","injustice","hate","impulsivity"
"Abuse",0.898018850096583,-0.95090741550483,0.580367001671356,-0.693112008665422,1.05375772464508,-1.17892827689044,0.362766930295583,0.824942692304636,0.903736722398397,-0.644705628685305,0.565464116442471,0.957390009767544,0.815384243446187,-0.373667921284066,0.467961866832484,-0.893408844593659,0.356329823186584,0.0265731219804345,1.06993689928621,-0.544354177361543,0.68524565869168,-0.0448222031149074,-0.155553283554047,0.484522006382928,1.70146427342574,0.997825205353169,1.50398900725123,0.385851115162999
"Arson",0.778273895039164,-0.0500236660554642,0.132741480108401,0.544144165634906,-0.462335402852685,-0.927092100122198,-0.588881740795906,-0.174362703657653,0.890574919637558,0.790150327965601,-1.0415801461086,0.799687481663771,0.866813624240293,-0.109017343242801,0.491873391272873,-0.973289961559427,0.984635310368487,1.00426106207076,0.376054894500948,-0.973986950506529,-0.461711040449453,0.40727443275451,0.681950744720117,0.852335246779864,0.376597758658886,0.344130848359429,1.57076656760511,0.993354282400082
"Be arrogant",-1.71127210240461,-1.3437169964937,-0.936263192599666,-1.53903594014256,-0.185849820422537,-0.265419080126725,-0.00672126999951158,-0.561422003404595,-1.6340538395619,-0.807900094446125,-0.0167114852378153,-1.76106860917242,-1.86495350464511,-1.36692441171054,-1.68673216885139,-0.672996132965891,-1.59550959829651,-1.68116300086296,-0.880426855422941,0.0250031118936418,-1.66445562882959,-0.777081754242797,-0.75663690384665,-1.07915582074045,-1.54837630379134,-1.86982872387989,-1.31683293706269,-1.39137334032664
"Be jealous",-1.01892098441636,-1.34026664206609,-0.206247652698609,-1.69745840513431,-0.489938185337019,-1.29399135765523,-1.4881090867849,-1.10980799355775,-1.28550980348783,-1.36990103590995,-1.4118934606022,-2.28834011311447,-2.02741911562113,-1.80866216666337,-1.00199909814038,-1.58095702990616,-1.51531639315571,-1.90621399655121,-0.301753794614022,-1.04488842641178,-1.71128705006872,-1.31583024532052,-0.665907300783615,-1.09141626208702,-0.846766886025025,-1.14216368964739,-0.220870833998446,-1.4494749090638
"Be lazy",-1.89936292360893,-1.39677959005115,-1.08129425475736,-1.21406479676182,-1.24510087628903,-0.887825289951438,-1.10368603603325,-1.96934122235762,-1.5272863976815,-0.470690660303386,-0.300060590735767,-1.61642682217474,-1.75221963501465,-0.484002920728322,-1.58619402732148,-1.006367028626,-1.21758955201264,-1.58637022653557,-1.28069651430983,-1.29505716776034,-1.58166469985797,-1.06145887727304,-1.01723796481846,-1.32329852233726,-1.27912923788711,-2.35597089568629,-0.934912000022147,-1.18762349520763
"Be rude",-0.862957716247828,-1.8066559791232,0.274586450577701,-1.82028031619534,-0.352473582019514,-1.38994962501003,-2.12298957969292,-1.53371745951347,-1.37296267072096,-1.88824745778276,-1.5704157980024,-2.51846753946732,-2.12934893929681,-1.04921302641755,-1.23358221234554,-1.45815566199926,-1.82208474179674,-1.59950881060581,-0.261540178427604,-1.8332524967965,-1.65276925582312,-1.69785190263018,-2.17428695170656,-1.9422908915386,-1.32756521799687,-1.10087773025831,-1.67767944780233,0.0617761886983706
"Be tardy",-1.424307551017,-0.940715599349443,-1.29733486150831,-0.846249160650536,-1.32365207818475,-0.780332397108984,-1.73157701892761,-1.06176086613952,-1.6885534524753,-0.757309810060271,-0.996398070995342,-1.54395681343158,-2.0173696963855,-0.524224694569763,-1.97133244641299,-1.22409130974719,-1.44279044079911,-1.71596642621847,-1.93526768087932,-1.61151693073141,-1.49603437079526,-1.01039101814753,-1.23977204015731,-1.2017602342061,-1.41838268070266,-0.0756097387628668,-1.90053089800178,-1.48536117210734
"Bestiality",0.487556196664467,-0.494523883252585,1.59222637394392,-0.740955287024821,1.1933468617037,0.0192091523385711,1.7034245297495,0.69383752303926,-0.802394219795854,0.0507907856894859,1.3664190843593,0.0417346947470782,0.867232350041778,1.73523393981339,1.75130744915073,-0.700306872768847,-0.462633880795343,-0.00831510113959925,1.13958198738477,0.152769720900811,-0.10337455646101,0.121268913913055,1.20138798578575,-0.0161034357500952,0.259069277510213,0.602168094541169,0.180220405423041,1.77964793872909
"Binge eating",-2.06514765382429,-1.47476754034583,-0.970923214256409,-1.30854128990593,-1.48075448197618,-0.986540588658647,0.0774667997868474,-1.73113382791973,-1.59373868800053,1.05138834285761,0.183448360467956,-1.44000484872977,-1.56137729856879,0.364600830698659,-1.43636211471682,-1.01517291802324,-1.46220660156221,-1.46164794282076,-1.20358230446005,-1.13025906725052,-1.39708779584066,-1.10523803577845,-1.3188708802745,-1.38488427304202,-1.35392008952718,-1.1235850079223,-1.30999524044199,1.20771062147266
"Bribe",-0.250897707329338,-0.3302986103286,-0.686451979808219,0.443914913799156,0.168820757833884,0.926219534083133,0.567971775568608,0.584005295806237,-0.149573104100971,-0.0878045142765047,0.0314941378312529,-0.438043603876659,0.358480501238011,-0.483448901804886,0.72062697508592,0.537160523924245,0.203947687789594,0.656355519408286,-0.331979715277016,1.13193773808336,1.13855530845597,0.260343026096949,0.139317926400815,-0.000236982242776204,0.276520476226228,1.81666339990322,-0.57997057181985,-1.19698941550746
"Bully",0.963334280127902,1.26035269677998,0.667566778599205,-0.0572313453795961,0.605521495645739,-0.931434103169927,0.550946046048138,0.841784918079281,1.41265976248417,0.157457937631343,0.534658156137978,0.0611196765096536,0.402027984592408,0.520262920099762,0.683165586795978,0.167868852237261,1.01496729940485,0.147046517441801,1.00200439532122,0.628688113360161,1.60376284929018,-0.35306990938951,-0.432976492919864,0.111050100749117,1.07108423817377,0.710074579308078,1.64026974266732,0.335866677352353
"Cheat in exams",-1.20613587153739,-0.336213503633066,-1.1776773898351,0.214291340945941,0.0688465008756983,0.667508519155993,-0.334839934529958,-1.06419363208475,-1.1856994658848,0.101909052170449,-0.658217084541571,0.099889640034804,0.0667681928704196,0.19827138348289,-0.776632980289724,-0.32821824320491,-1.0259422486136,-0.844542199047911,-1.34651931318274,0.227214791638535,0.798275623856003,0.576468173754126,-0.155553283554047,-0.484524415432075,-1.01771740405946,0.0267450355558899,-1.93785667720186,-0.609565466878072
"Commit terrorism",1.02359553997823,-0.235660317457152,0.176341368572326,1.64619647797413,-1.90921558322555,0.0203949935070682,-0.0427782661017582,0.0409771830324545,0.845135362487043,0.913218681952813,-0.392821291600876,0.926982195238014,0.549698617249303,-0.00105671061326881,0.100407576863087,0.314045862195027,1.54113445615817,1.78435939476977,1.01448179400866,-0.156788176546965,0.71652011521835,1.83842449760088,0.0826119244864188,-0.161374211369053,0.520837258250439,0.833932457475313,2.10684198266825,-0.199436746380464
"Conceal criminal proceeds",1.25181076276623,-0.148301893268122,-0.367203907611263,0.415982171484274,0.704397134395594,1.73021376508748,0.120822352899442,0.117569209769532,0.175450302965304,0.473804132798473,-0.235490851474356,0.0566462191798284,0.570742272913657,-0.250164318198142,0.386662683735164,1.35087015587316,0.109340769604734,0.244351952237521,-1.28343913092953,1.12107623539149,0.59006253013225,1.38544715399925,-0.00899007860606794,0.999460542938638,0.236632022018194,1.07038840670367,0.112090957645717,-0.732144002731925
"Corporal punishment",0.432257628801815,-0.610833549911823,0.829509221465209,0.222682900086756,-0.64219489810242,-1.19319485833297,-0.626901602958157,0.280778397633357,0.217756097553716,-0.267027007924548,-0.502475840779965,0.44328074554328,-0.334809790077174,-0.345102462066913,-0.303697186179474,-0.568993696100029,-0.39020851921871,-0.56487181672688,0.370162789565209,-0.99053781175128,0.248083146808011,-0.42851720511577,-0.272205630349377,-0.970563340242311,0.216331648001605,-0.233872583087667,0.490157679137943,1.33610471310165
"Corruption",0.802222886050647,0.9567821727231,-1.07817275549632,1.22143101164632,0.592997248070758,0.952561019239351,1.54883301415311,1.55589529092424,-0.0535650650732947,-0.666736881563015,0.24508212927574,0.201660794288324,0.856764205004663,0.45439433178727,0.706120650258751,1.89786561395304,1.49204615553401,0.944487723553388,-0.892342000959657,1.83793541305476,1.22826540712323,0.81868237139568,-0.557031777107974,1.00511920817551,-0.0454363327386202,1.50220200922308,-0.903353400234285,-1.01755810028976
"Counterfeit currency",0.159332439028087,1.00646727648061,-0.379661018600955,0.918419439761613,0.312661270396172,1.43154598401874,0.925768121506288,0.463235843525348,-0.059268512936325,-0.240799325927274,0.999314724064086,1.20095660414908,1.20849387825171,0.310222778797171,-0.117187295544446,1.19002110402372,0.877235308372369,0.768940775881111,-0.166018759587036,1.24624212355492,-0.154065571355581,1.18963646820386,0.116635525635057,-0.245445809174067,-0.109542777001533,1.7251461899241,0.064864441257294,-1.02909297055375
"Cut corners in construction",1.2280596973003,0.403148159425126,-0.253051472360261,0.727424779647523,0.0811809871237859,1.6745571805666,-0.257002209377764,1.00255161865544,0.648477517339701,-1.20550115648158,-1.28522728669868,1.34052847283962,0.271385534529218,-0.988512698551651,-0.444588856810696,1.80975432129989,1.46797752527268,0.661375244219176,-2.33286398114195,1.90924830951651,1.36493972672288,1.00957176913592,0.339335460426141,1.17899455818134,-0.408706183561791,-0.213229603393128,-0.178396671460431,-1.04831775432708
"Defame",0.42720345862082,1.4027651278798,-0.34637284978961,0.507995910874472,1.51133220841524,1.43893772730237,0.649516059061381,0.827281890328892,1.2145015098071,1.98680513170792,-0.0185655476635488,0.420953400477457,0.247518163844597,0.943703844965786,1.20762502285516,0.718477979894163,0.523155762886607,0.937460108818141,1.0084741576036,0.106933706273038,0.463151692053009,0.505228703859551,1.17136716124283,1.82656877839534,-0.0400941290500443,-0.667375156672989,1.12261588673526,0.457944054312969
"Default on debt",0.0430865248652027,0.504546330358821,-0.163737761446283,-0.134339797904289,-0.0913163393532322,0.431644710741899,-1.30089006856169,-0.224889380981589,-1.10625858493545,-0.844036011864593,-0.798066364654033,0.852921623888689,0.0296196986874289,-1.39908389112332,-0.832141876312054,0.681390318445771,-0.796595270287596,-0.831634335248479,-0.368776488258053,0.555933285805111,-0.33967267204647,-0.0964903900714125,-0.0437614512085218,1.03664605735239,-0.222085201374201,-1.06165606883869,-0.0527563165402873,-0.0163905145558098
"Detain illegally",0.312032899815595,-0.0453769413645584,1.01568560436293,0.621387462436821,-0.060451512302746,-0.0960142401783022,-0.0273758504181473,0.0849000697031106,0.449794546327757,0.0451382114217381,-0.604725411152326,0.665036416036036,1.022966138517,-0.34057095774179,0.113918678362991,0.0664190243582432,0.413490410428372,0.466567200494412,0.482805972160219,-0.115491723556405,0.282590647291069,0.3998852324197,-0.211294076925219,0.271840471469283,1.71749088449147,1.01408937117311,0.459606832956752,-0.111035603901411
"Distribute obscenities",-0.61206028484627,-0.275585847262294,0.0582583373158642,0.345123376641377,0.131330411474564,-0.0451227310524023,0.68737590496874,-0.306995231632985,-0.0129279990492043,-0.479471232102474,0.878337150784982,0.232676765108445,0.452275080770558,1.12528354712188,1.4109726119503,0.638121380089313,0.0056161999535829,0.318779025875914,0.151635015330891,0.610283900465608,-0.613111704314297,-0.147057692362651,1.57965037502649,0.182137082787371,-0.414048387250366,-0.860668511994583,-0.328986884095213,-0.471574241127314
"Domestic violence",0.897241285453352,-0.179891323443619,1.29914230577662,-0.50509413812576,1.55519846401934,-1.1810992784143,-0.82160938191029,1.05231274026235,1.4195540401208,-0.261781471525094,-0.378518524316647,0.471265080117825,0.925523389248447,0.091781031842476,0.291358179179902,-1.3072147668347,0.213336160586565,-0.702555697254157,1.10009061278087,-1.57774857633066,0.150860379779451,-1.71464406339104,0.481174109370463,0.111858481497242,1.87241479146017,1.25054532040147,1.08241531124698,1.78622483844102
"Dope in sports",-1.19702304954438,-1.5584455473649,-1.73016284516836,-0.350301080255516,-0.666678389602384,0.853523876996168,0.975693193032476,-0.895005818621265,-1.48253800239251,0.917510484461458,-0.120201878819661,0.186611926867377,0.782715852742127,0.742141687548499,-0.608491487974812,-0.613306226661745,-1.76336411193932,-0.209318841160703,-2.02893219392196,0.893752663901092,1.4380576754799,-0.45731367914783,0.190868837232085,-1.18169769382081,-0.61170992372768,0.567075029060452,-0.569809288916018,0.0984911892880297
"Drug abuse",0.752692018276896,1.33296938688711,0.682681406600033,1.12530951603335,1.50133478271942,-0.0465338820429139,2.24778401551974,0.79687231601356,0.642255574216395,3.37232614601729,3.14854388797424,0.97221381935069,0.877700495078892,2.85506913081936,1.11022541330131,0.152273015115373,0.866773867255743,1.20952919356839,1.89580205463202,0.0556835046825221,-0.473133015876585,1.20337550882638,1.02846803641855,1.35821991895657,0.685377131858581,0.974680046301716,0.785959882527693,2.85303169940643
"Drunk-driving",1.11227325315387,0.170854167831571,0.550771925865541,0.89636559011881,0.275936033146226,-0.0752700476678788,-0.123566109116862,0.949473088941407,0.980314483916006,2.25941406883111,0.529057072446252,0.955251960308437,0.800236221804245,-0.46723125695522,-0.286338040514309,-0.734684027765574,1.07878265296189,1.07208000147384,0.511478782275312,-0.926152453802951,0.71812710310312,-0.525314991319925,0.00528555823951466,0.557055806237429,-0.136253795444413,0.102607985933321,-0.759761771199517,1.94305860080236
"Electoral fraud",1.36611276532104,1.62616609807154,-0.762509563017509,1.6680262681866,0.645071751145681,1.86047385651932,1.83056403316551,1.30213908925292,0.592240723725207,-0.254921923925807,0.108509038592486,0.705297532004462,0.80265194758204,-0.138422963025164,1.11357302672297,1.19871564736694,0.663982854841171,0.508466703825903,0.497362937295574,1.44933498341238,1.73226007284541,1.41832690933521,1.28390676504217,0.507156667330432,-0.814713663893568,1.36314339146259,-0.551753470833056,-1.52479662600134
"Engage in espionage",1.30662907011394,2.18268605931147,0.176341368572326,1.14270292952522,1.40829751501956,0.915467907488758,0.326667263192032,0.948051342609781,0.523297947358907,-0.445375245506017,-0.607362800864311,0.617745581406457,0.950080240764084,0.621502268207611,0.580004438496017,1.59621930083945,0.917471620359387,1.04430853693566,0.293565425400603,0.672478933736897,0.986092332888451,1.24688247079771,1.06443584334711,1.30462427535588,0.176799340706142,1.57582863680026,1.92159211791911,-0.608344845686115
"Engage in group fight",0.299294074809486,0.179292197440738,0.568740364747644,-0.121312342454912,0.467095601395944,-0.184609578960672,-0.0297209397026016,-0.073309349009781,1.20645818589769,2.28149667661064,-0.132804317126045,0.362157040351998,0.295179012425343,0.326185829536168,0.563607964594037,0.380885164145976,0.967302745204848,1.39348280125364,0.245042208282753,-0.109894069686838,0.0475186973434978,0.029157246390997,0.608669142246128,0.246858066434139,0.243042666444485,0.32348786866489,0.846434458868584,1.87859903168003
"Engage in group orgy",0.901284621598148,1.71862043033826,-1.21672351217057,1.9604985112483,1.11000697691166,0.0023860189614908,2.22914532214997,1.22990465426389,0.642255574216395,0.652690374113218,2.72359277999614,0.980694748871817,1.05775258971726,2.61551134832572,1.85833730795959,1.03083850631507,1.18222655323397,1.05492166939297,0.659430482469194,1.30033125759506,0.397158056251805,1.41531293176274,2.0763949517966,1.28956144741581,0.00798570414714019,-0.29373722420183,-0.231248044163984,0.102285554506449
"Evade taxes",0.700588118411003,2.17116353988719,0.289701078578529,1.432315747476,1.21076025405394,2.03375925087866,2.06224429515697,1.45371912122473,0.00554339459810939,0.930862758932798,0.365225374463264,2.06019592077523,0.759410456159498,1.16611726004693,1.0022757493277,1.65690820139136,0.786886498728791,1.60325815418986,-0.159464974417871,1.38438539155798,0.869987458213847,1.55358226651267,0.364079897625151,-0.285570889944642,-0.130911591755837,0.697125801136049,0.467403663492577,-0.118799458886793
"Extortion",0.299236171059458,0.13282495053168,0.802633667117234,0.560715029035724,0.129165315484209,0.398188851392382,0.186770839362267,0.221549050456261,0.577818748359606,0.116231970707968,-0.363302814439807,-0.00866625783561742,0.695973497234584,-0.0786732462333416,-0.238598242589031,1.1327550492645,0.539935161076938,0.5024528927595,0.455963341414175,0.73170548640927,0.111463533178902,0.706821246327177,-0.149038125887286,0.30079598188351,1.49810438634728,1.17501078106463,1.07652176716275,-0.301114491670495
"Failure to support parents",0.184992072254677,0.288490227677025,1.8592970632798,0.411052864016943,1.29765096689472,-1.13985024946088,-2.05130229750147,0.285991467515985,-1.48732411248736,-1.05708549024245,-1.108326393435,0.875288910537814,0.190990180644179,-1.14409515958197,-1.20106253910662,-1.38030327181358,-1.19493475895908,-0.890878120379206,-0.749683742633177,-0.65055553701536,-1.22317606892489,-1.01477498552566,0.357417933763878,1.36727378333557,0.040038926278596,0.554689241243729,0.421068213451106,-1.90958806737205
"False advertising",-0.226132273442463,-0.363422012833607,0.0932109145677767,-0.33360118404801,-0.598124613402485,2.22259691069986,-0.561999009974113,0.242201680501908,-0.0573673636486484,-0.953143168973255,-1.47252130192368,0.581093304964613,-0.127487737779094,-0.840237088497555,-0.711354518567464,1.22534268635553,0.0293220937659346,0.440507352540003,-0.488628834539143,1.02839141242089,1.01172378965053,0.246985625491716,-0.618274259175522,-0.397475281871467,-0.323230924544574,0.0809328572540551,-0.983134414092456,-1.10689680135403
"Falsely accuse",0.552209934430762,0.999369404515253,0.602070057262288,0.0508847984038853,0.3616282533961,1.38719552431695,-0.0820526557023595,0.26166380806372,0.577616498435386,0.148419474912283,0.23618262963222,0.448819311761159,0.256191769732493,-0.126660715112219,0.283364898152687,0.55941312079328,-0.109627303629236,0.247749919801816,0.663635827952741,0.877778575093659,0.846739700147513,1.09117334374243,0.112099045481905,0.318534492767901,-0.531576868399039,1.21113599553007,0.68322205431074,-0.273284328493872
"Fight",-0.645965343143778,-1.18204324617164,-0.403052704792712,-1.11538934836686,-2.43050992307895,-1.75496734788905,-0.882351552267152,-0.735770229479164,0.492064780489932,2.03576347143617,-0.730525519145173,0.0234900060293604,-0.0240378338829031,-0.540789860380494,-0.68337803497221,-0.876291462386709,-0.42507998960746,-0.196997698443064,-0.720974172505116,-0.928529550351676,-0.0163333180651197,-1.30247284471529,-1.36339112433069,-0.374180443312994,0.40615795240234,-0.258268831817577,0.723781796994101,1.25435899386382
"Flattery",-1.31153637885355,-0.884819857622244,-1.23278280442145,-1.23487370749688,-0.596160833355092,-0.0180756704009287,-0.698876914408412,-1.27477993421842,-1.42750189091118,-0.939985615171289,-0.614414859733619,-1.97721115582513,-1.45962692880804,-1.13490590339998,-1.00199909814038,-0.37921377769645,-1.25595983213939,-1.14258835969452,-1.4187986886812,-0.155854317188537,-1.01268254607941,-0.232767679579561,-0.455386268676418,-1.12819758612671,-1.30904557854314,-1.14216368964739,-1.16012901921411,-1.63659613779083
"Fraud",1.28514884684472,0.899999197000231,0.303871042329304,0.4132094360339,1.16499281823866,2.09277101957278,1.53922243788432,1.38985901516253,1.28460638979018,1.14074382327917,0.882508791242882,1.3302658354359,1.24987383981019,0.260390755273131,0.870871053653026,1.84347037716207,1.46317660168332,0.973853113697096,1.11360779469227,1.63398052917413,1.4749681784582,1.75303254373171,0.899178352053728,1.28557680397818,0.413993184478918,1.10792109705738,0.883911661108009,-0.763112432701625
"Gamble",0.0870189272076976,0.697982841063101,-1.34965472766502,0.0758599562383673,0.374811671896081,-0.0630334936242813,1.792928210015,0.263535166483125,-0.157982033642618,2.53570344058422,1.70015032099131,-0.200577577285112,0.196014890261994,1.755298950959,0.310145805525921,0.460766281111744,0.642317148386623,0.170214478107449,0.545886154413424,0.841090832667794,-0.276103939758565,-0.147571438539775,0.163745127225478,-0.29637379630595,-0.344599739298878,-0.916967547525144,-0.389802162274644,1.30479577952795
"Hack",-0.511705848079398,0.599704613850442,1.24889862478486,0.420911478951606,-0.211850451353055,0.748921076300897,-0.115745678332341,-0.724542078962734,0.364102809203997,0.0105829184466049,0.596270076746964,0.0853509037128725,0.103057762332417,0.749626754402192,0.520567220601338,0.822133238814029,0.789643952277551,1.00889465420389,0.482805972160219,1.1741769152184,0.728078066543424,1.72657461560981,0.216089128992614,-0.279397800595322,-0.710718765422622,-0.933857258184312,0.559109241699656,-0.831718523814277
"Harass others",1.13478728396012,-0.176511384412496,-1.59962742152485,-0.437198795986437,-0.00970470102001956,-0.847126877326537,1.09800961827164,0.656988274163033,0.0975763032970067,-0.399913930044074,1.3274837734189,0.204976646431923,-0.127021046483321,1.00104480354139,0.974487659561375,-0.674369750056573,0.110062959819885,0.00881101880343804,1.46580547893934,0.180148279973776,-0.619556395310509,-0.0780444559022815,0.904848952245168,0.827342808650328,0.435361999233222,-0.11414330085934,0.201432083484789,1.09817994550095
"Harbor fugitives",-0.28854479547239,-0.0827830751263501,-0.826456066097931,1.42649020228733,-0.989672142851907,1.36114350603058,-0.621141017782059,0.00528770460523068,-0.0965602874253689,-0.204080571131089,-0.985102552217028,0.609956972662565,0.614950054647317,-0.626556251412385,-0.383288403245337,-0.0527551850967655,0.698647985168448,0.577970585822845,-0.434282831367151,-0.385052137880817,0.385418803729475,0.218215839572753,0.0642915238679216,-0.517061740544111,-0.107405895526102,-0.111891339438118,0.170567186664401,-0.0467065197368227
"Hijack vehicles",0.963334280127902,-0.399457362811582,-0.128857850675144,1.36733851267935,-0.515069076852607,-1.265768337845,0.0563037989271378,0.813714541788205,1.14942370726739,0.552890681590254,-0.54355045451929,0.0974665173144822,1.04205037216159,-0.773584350324199,0.35318654951862,0.574882162491413,1.3052877658958,1.25910862939288,0.604114014954845,0.744544142073416,0.751873848683281,1.17172874431552,0.294605131643316,1.50874041425747,0.739867609482056,0.457667236679394,0.655641429286055,1.31825312816928
"Hire child labor",-0.0421604788542461,-0.0795071342192612,0.652452150598378,0.507995910874472,0.207382256946327,-0.148136753359755,-0.319695996167014,0.203277425378282,0.395106166818418,-0.443976435799495,-0.64486783507629,0.628985612848623,0.280400454725887,-0.371315471701477,-0.350768730006409,0.631940103181248,0.446170285951445,-0.386743296294717,0.827644301811075,0.827574295984582,0.273419989124546,0.40727443275451,-1.27152740122937,0.274396903920269,0.125514185295813,-0.436173784094151,-0.724201016801881,-1.48686899828564
"Human trafficking",1.20554566649405,1.01533961643731,1.33827839613591,0.925857412636427,-0.00256368266586322,0.865069657827627,0.272373747907303,1.40810475975173,1.14558484812881,0.0804897785393412,-0.106169997279452,1.23448121966788,0.685332935690976,-0.336910896556112,0.925269771754909,1.3458775860628,0.959719747945756,0.928675590399084,0.857344554288626,0.849538668094803,0.860144657419633,1.32893507451557,0.108129625347897,-0.0845275165004074,2.51027391187615,1.58270963003178,0.594315098348813,-0.591220248375421
"Incest",0.811657337055171,1.67603319854611,-1.52405428152072,0.226039523743082,1.40136052576123,-0.306185664297062,1.29721065366113,1.38073614286793,-0.251284590991677,0.30508616204267,2.50110528890814,-0.375042413148289,1.53510000340968,1.54514678824771,1.89978395032293,-0.215306918350916,-0.503943161102016,0.251765699650528,0.688867900854023,-0.766411565728614,-0.254529097285094,-0.0593440950549555,1.64089285709404,0.745197851628346,-0.217099144598197,-0.826889090676246,-0.797167993889247,0.405075898936324
"Incite evil behavior",1.13800357407529,0.428958602935522,0.509550213136013,0.727424779647523,0.408369464441485,0.263406190054923,0.696112792485823,0.889759743013119,0.829950858436118,0.209839937480446,0.614006841770764,0.135890320451015,0.42966388749039,0.172207311403068,0.827069488428133,-0.05586743640712,0.976362949722205,1.06112787461371,0.9989165542319,0.910867759051914,0.9993499829378,0.562706003433582,-0.279275469549094,0.764368723552066,0.610586280218516,0.207887182375471,0.854221929463789,0.391343910526806
"Incite suicide",-0.266228690211689,0.0269609452611184,1.50642863264511,-1.04703628481986,-1.0608626027518,0.201828692287141,-0.457156359769118,0.337079552365743,1.30955897419093,-0.710799387318437,-1.6371620453288,0.189891341075332,0.662953976888943,-0.669488456294635,0.737205632031255,-1.19277284007966,0.2020699932302,-0.730092473359613,0.867595083904771,-0.929575472833115,-0.999019801167437,-0.442256245738295,-0.209991045391867,1.77017074820114,1.33819442260257,0.41294078067456,2.42631755587085,0.676969269444783
"Infidelity",-0.180675373147938,2.26150009217357,-2.30726682338176,-1.01441323176333,0.735557941759184,0.648265551103561,0.44830289200129,0.67081080794273,-0.165560041292798,-0.0905862381247006,0.662549567099056,-0.175654029304658,0.594761489218597,1.0340592948425,0.572737819380367,-1.25615902510055,-0.918401560211934,-1.00882410194978,-0.0963847921646661,-0.401289535844418,-0.626118262506651,-0.175593957292012,1.78688503656819,0.483493158158042,-0.840356241598734,-0.686141501849843,-1.02401863471728,0.286980798614468
"Infringe patents",-0.123594687524873,0.228316365752082,-0.279881745031586,0.264937813195817,-0.234609194868811,0.397904408863499,-0.22650252931813,-0.315541922519505,-0.259489551075334,-0.79003459503652,-0.569222088106368,1.03729197241076,0.426074809191951,-0.396263818590513,-0.220539016896337,0.929161923350119,0.0627252917172627,0.0450587158589198,-0.380396521831012,0.654501649582238,0.608598192009613,0.435395276133947,0.0536023277175802,0.358542248740901,-0.0874616684220851,0.731186717632038,0.0102548037084169,-0.789607092691754
"Insult others",0.17365258787424,-0.0463837317142546,0.825010820274487,0.203611174766721,0.647268987562345,-1.3504373972757,-0.00866280055886339,-0.170152147213992,0.629898103846496,-0.393794137578043,-0.268863975137557,-0.865205523430549,-0.927007709319653,0.153672860146306,0.363149684702115,-1.00403785182006,-0.312418316043808,0.259797259347952,0.640506427793232,-1.1324844342323,0.251765827377275,-1.25349570916277,-0.274635887574279,0.0120234591037881,0.376597758658886,-0.528504202364271,0.850084835710086,0.297966389342083
"Intimidation",-0.182567308509808,-0.444421257614758,0.663121299775432,0.348421663255548,-0.389438853499851,0.0457719945129084,0.0259421264695829,-0.345096639451606,0.764376457871866,0.128548148787289,0.011862888617605,-0.524064460448087,-0.471643400205171,0.0532324882622359,-0.190589647461032,0.0647170457352466,0.239844789660366,0.179481662373708,1.01342162287836,0.167535685344657,0.740955783936759,-0.0861636601917365,-0.0835033046510484,0.563743319699191,0.291478646554241,-0.0212498922339136,0.583242288596256,-1.09926343132639
"Invade homes",0.0131916459222963,0.166804124833929,0.676410443918838,0.703874703352919,-0.151613448738782,0.0102724514474707,0.0901074030030527,-0.00671686057457069,0.28293835884549,0.0826382163199691,-0.479043647569632,0.0356768879462736,0.928994405760753,-0.155127857667485,-0.309366179815797,0.672447194408569,0.376935292942293,0.434526403829155,0.015073131410388,0.335812700349659,0.243099774803646,0.639750043288136,-0.163516254035643,0.342272794098483,1.41334142115521,0.963420239195604,0.19952684294032,-0.402365019543343
"Kidnap",0.484647091753204,0.0360431685286201,0.75045344828116,0.344003681800008,-0.113825355732231,-0.261878557928308,0.11891454619596,0.149442669300044,0.724188975775625,0.153631169141418,-0.526877694641231,0.817133965250088,0.488285499698232,-0.104464215018435,-0.0224043634116929,0.820701677578083,0.651868696393466,0.550617445165983,0.603540084429795,0.450232456229261,0.0899417153949861,0.854819167011557,-0.0853110102149232,0.305087557097475,2.26595712985194,1.50529845617726,0.779202629396645,0.308951980069697
"leave someone dead",0.198570190325704,-0.153233417214277,1.82960538296387,-0.674401841612001,-0.10829682539353,-0.604196475626624,-0.958822804298394,-0.2084093536107,-0.0325910955124738,-0.624174712025072,-0.991948321173582,0.186376481744755,-0.00516675251282866,-0.642112772845635,-0.375369317731747,-0.556991954146428,-0.234887701978499,-0.527166049714203,-0.00962641833254497,-0.830516492010366,-0.496816215821372,-0.513093557335078,-0.145309618692091,0.657871869392171,-0.0226429303340292,0.282201909275812,0.401687520404913,0.119661801378493
"Litter",-1.07388508513469,-1.50820736267502,-0.00179531858027879,-1.18252182149338,-1.69498503260087,-1.19722671830586,-1.16609237544099,-1.7731711361222,-1.26514034683415,-1.05910300424225,-1.0269106412017,-0.175973561971075,-0.627457712872991,-1.27894093029823,-0.841023299675627,-0.795051823023564,-1.17884023416427,-1.2274754917644,-1.16629022103072,-1.07122326031944,-1.33841564243078,-0.672766816182884,-1.21028491916182,-0.00373996548465203,-1.55336236056735,-1.85716144088552,-1.4249984908454,-1.11072436011433
"Mislead others intentionally",-0.424155378037417,0.00974483028131217,0.0525300540974658,-0.423678160078702,-0.671236486424185,0.664806315131609,-0.234086891247853,-0.458590194656011,-0.161809224516337,-0.618143125215724,-0.56709188872361,-0.497167798252514,-0.513306617452887,-0.27062312174885,-0.530929347768756,-0.284993143691772,-0.297836219997449,-0.420322051199906,-0.541240390801391,-0.319112802389763,-0.19853981584737,0.20776602371465,-0.508095703966528,-0.2376199955486,-0.207127031046188,-1.90220066930997,0.377628729037226,-0.454912761857098
"Mock disabilities",0.740562009842509,-0.240730226003836,1.6122310286509,-0.523402994432993,1.67761592151916,-0.842423040691498,-0.382268752479836,0.291204537398614,0.119982705616054,-0.424393099908197,0.927800887642941,-1.19092208674374,-1.23292385369839,-0.285030981654372,-0.525732770268793,-0.593718803732291,-0.277546845655059,-0.40137220860074,0.951401611755459,-0.403327047171897,0.513236147794995,-1.58107005733871,0.38882433482416,0.0960950569088022,0.00228735354599244,-1.00141610082099,-0.179078075137511,-0.0167384744431095
"Money laundering",-0.0975878785058241,0.633828998299282,-0.717940788143276,0.68421865283159,-2.18057428068348,0.324128444798152,0.00298638279724746,0.0427148729933313,-0.482274229444401,0.0651902973742641,-0.624843960878369,0.260508060353285,0.713201073067092,-0.833865870878043,0.316522212043358,1.5632524906631,0.70623098242754,0.776828914869653,-1.49896308696132,0.530532311255876,0.200208299407584,1.11966913170026,-0.240612286425641,-0.276096912540478,0.184278425870149,0.791395408407778,0.051625741245445,-0.569895278139464
"Murder",1.45909653724063,0.669318358126075,1.03283695528586,0.860441394788709,-0.216794233290547,-0.611935045574591,0.434006166973336,1.3320808239634,1.46165091720507,0.0896694672383874,0.24285725436486,1.26447969823259,1.19303323327382,-0.483448901804886,0.622191199472988,-0.958708487827581,1.36342407821551,0.962558732872593,1.0400142487302,-0.337583348338581,-0.181317407568132,0.861426053332425,-0.569507097529141,1.52005774473122,2.76990501114095,1.17172667065868,2.00560694491739,1.31455605436672
"Negligent homicide",1.04497856766705,-0.0118043554727637,1.12681893708587,-0.392424253158171,1.29765096689472,-0.523285816683473,-0.277042063263101,0.26914924174134,1.42143429765807,0.202650251226648,0.041762791266084,0.802595228928157,0.23495638980006,-0.250164318198142,-0.201560817498387,-0.920035883582249,0.763645104532094,0.401894084763924,0.948628856491582,-1.54361242501336,0.152220138758871,-0.620217921494166,0.0485883233377809,1.14658583909741,1.42829959148322,-0.708661116062067,0.19228692887134,1.47205139835588
"Not return items",-0.483006643974728,-0.267923371845145,1.69123931138249,-1.84746619374244,0.790089354645468,0.909969916616635,-0.422208809700787,-0.722500597050656,-0.803309211431634,-1.79300123322053,0.0314941378312529,-0.628431817616237,-0.639881445444511,-0.536735449168078,-1.269753827499,0.461112086812895,-1.68142834934757,-1.27167514659276,-1.47267967768915,0.602796046337123,0.616886866362635,-0.923608391185048,0.438313209222179,-0.11838305340058,-1.07968696684694,-0.99578619726793,-1.37153451002832,-1.61352639726284
"Online bullying",0.575796061942072,-1.07320920936947,1.02527964128545,-0.696726834141466,-0.501006763785962,-0.321237941529186,-0.347654036221679,0.719023805766311,1.01488083460104,-0.497830609500566,0.067092136405334,0.0356768879462736,0.322888808111822,-0.238794145215629,0.772435278040095,-0.479041399761706,0.536299624802366,0.717596162101147,1.41218732402411,-0.728758356396807,0.430154874152407,-0.504590781896049,0.193755688238636,0.372480434692785,0.7078143873506,0.529917665610282,0.699080913699934,1.33267171599927
"Organize a mafia",0.64832340403935,0.558414108667347,0.256637829826719,1.52661676021751,-1.06300490825805,0.0677693481885315,-0.723631429040146,0.0989725854766948,1.17766674235836,0.645040633530679,0.482031307284468,0.647142586716736,0.48570872553525,0.504089829219463,0.210315190987301,1.15116736345874,1.45965592438446,1.78328373945316,0.384243187389586,0.488695411998312,0.523731787417397,1.15194951649624,-0.495789295040426,-0.668431035630543,0.401171895626336,0.659405447330573,1.82293834379235,0.101915847126193
"Organize organ selling",-0.001277857834642,1.26277931967412,0.734742903047325,1.32680865128128,0.485405904868139,1.04224750441409,1.02228992645692,0.910401393457466,1.32540188492157,1.55841965908577,1.18842909148889,0.497281766167597,0.637830428799868,0.89273410400969,0.565202066223396,1.1978703445419,1.24606816825337,1.46453121396162,0.72110888289455,0.921010037659808,0.552518073867141,1.48773972615556,0.139317926400815,-0.212751298916561,0.600970313579079,1.3831608263179,0.469472210369428,-1.37184340125532
"Police brutality",0.674857797489574,0.0423396678527284,-0.107057906443182,1.37308937139124,0.997178886915996,0.258274731907607,0.486427492075834,0.431957424229578,0.767731427203061,1.61961758374608,0.0982403851576552,1.19707960779656,0.632327175408927,1.19218133212675,0.803520259812599,-0.0809671668822946,0.894000438366959,1.0127559809815,1.09783774912897,-0.295746449081017,0.958103960562046,0.31377262851788,1.26209676430587,0.61278508508545,1.24737695989678,0.755113807732527,1.02246374211437,1.86231450895439
"Pollute water",-0.754461529695803,-1.70491981428639,-0.0125914814380126,-1.27131977458346,-1.79781569690072,-1.46897408047868,-1.72924718225639,-0.618997464108289,-0.17904091805996,-1.1807994487096,-1.33680393235999,0.686285338352705,-0.314621224648453,-1.86218039466727,-1.27088419047255,-1.49441915319325,-0.423202295048065,-1.01320495269382,-2.41257439326191,-1.90228338057148,-1.43210303611284,-0.698718337358765,-1.18987075847264,-1.12084132131877,0.520837258250439,-0.935733892701998,-0.701842458647678,-1.65678216075283
"Prostitution",-0.546903607596276,-1.0684772947259,-1.21672351217057,-0.119997860463623,0.710109949078919,-0.893224476349918,-0.245141222687907,0.46601614746275,-0.977523618884194,1.07862792974896,0.387474123572065,-0.167865420560766,0.627511828691855,1.85606220807989,1.31953095723618,1.32753979790221,-0.000721019184372335,0.247749919801816,0.125351606058722,0.379919473928645,-0.798976592645035,-0.540210516843336,1.44128773035536,-0.446517047257725,0.401171895626336,0.130194513343296,-0.618583446854409,-0.39275262765668
"Racist speech",0.138273396607275,0.870424730477903,0.428251835252777,0.694898819010809,0.125974647708947,-0.818903857516303,-0.911474510657428,-0.0606776796787973,0.515829146585891,-0.595747288957059,-1.01419707028238,-0.242116823919202,0.264566285762184,-0.317797243697576,0.300979721157106,-0.497173145358698,0.832975365186648,0.952519283250812,0.808720247135114,-0.248679937416257,0.597201264774207,0.304867694781059,0.337788933101203,-0.656170594283978,-0.00804090691858798,0.214080076283833,2.01260818050057,-0.37764744040621
"Rape",1.30696601479268,0.478858793722285,1.0000885946174,0.0167082666303837,0.65298180224567,-0.264791901908719,2.26642270888952,1.40992933421065,1.72591066819214,0.662482042058867,2.19852230102845,0.0843816546247439,1.20179426542796,2.37085659173646,2.16918712568464,0.150624674606555,0.893061591087262,0.404365333901593,2.17335485654612,1.04930986204967,1.13133725454021,0.834711252121959,2.08093143194975,1.22090297587505,2.42800397507208,0.709511588952773,0.304264266471563,1.70851623876779
"Refuse to correct mistakes",-0.732447810685247,0.119233280810781,-0.214119854782373,0.265912144145501,0.437799115840431,0.73493017759155,0.0204601578314132,0.407629764777313,-0.506038595540361,0.399738952183946,-0.391232095235962,-1.42183142832735,-1.47414275659284,0.0602283350601313,-0.332808518315629,-0.280141645031068,-0.913280575049949,-0.576823542467096,-0.407325488523901,0.537505127798803,-0.258653699522669,-1.17186714990857,-0.306769288659104,-0.319008457253454,-0.991006385616578,-0.875869251587835,-1.02080089513107,0.373034592647449
"Rob",0.372385151273106,-0.0492436801252047,0.688328630248693,0.60611260236708,-0.248575688603001,-0.263385919969455,0.217600183857899,-0.0364168544557967,0.56717062322837,0.187317144828241,-0.395388454959583,-0.235470544457748,-0.153202428176147,0.185879015146037,-0.0293978415275916,1.03406273280484,0.536464696851544,0.417780686363225,0.30673601290402,0.649376689916099,-0.0701004543763693,0.579893148268287,-0.122651339586133,0.400450408577915,1.49311832957128,1.3040294041555,0.215454653892076,-0.375450322260687
"Self-harm",-1.78418620627021,-0.882100914732288,0.0808591755563481,-1.08920571515329,-0.840827095271481,-0.911918433557557,-0.459035260310426,-1.21839960248378,-1.59030696347987,1.78583904362988,-0.866350543946481,-1.88036080463442,-2.09235382452828,-0.560725605835096,-1.16619799379353,-0.950466785283494,-1.19372334311431,-1.42100091926628,-0.474249266111531,-1.34403069096208,-1.16273989966216,-0.541244638180515,-0.662614694220844,-0.762757334377498,-0.660858197662579,-1.13700294472375,-1.53638178421432,0.202476254555895
"Sell inferior goods",-0.730201512827027,-0.727441446485572,-0.741332474335032,-1.02231932880509,-0.776854101352221,1.38719552431695,-0.791654338994577,-0.568951993235058,-0.360736471410781,-0.969928885451511,-0.712249760948658,0.482743029845665,-0.60040158416168,-0.738297606585364,-0.601224868859162,0.50478240678676,-0.0602707609251595,-0.543358710394494,-1.09419858416991,1.27761979799809,0.756293065366398,-0.0545099881692523,-0.345113347096458,-0.129847362192173,-0.785509617062687,-0.677696646520259,-0.801994603268567,-0.633062424823247
"Sexism",0.288045306304092,0.360560927632974,0.365274218582664,0.892481893326367,0.938622536411915,-0.227161208828408,0.290721211693177,0.665502954971327,0.482559034051548,-0.429288933881022,-0.271088850048437,-0.938418445623132,-0.952131257408728,0.194448652911183,0.855328562766774,-0.449371270602992,0.284688553843544,0.3079866175325,0.701483937304664,-0.268552464563601,1.07771742545173,-0.47253302044349,1.25075556392299,0.607880908546823,-0.805453844166704,-0.25263892826452,0.905418464665861,-0.551357093786614
"Sexual harassment",1.81642636903697,0.606620489098741,1.87169880933176,1.36240920521202,1.59559622499428,-0.795384674341108,2.46212898927218,1.69699571574738,1.5167842465477,0.0798777992927382,2.20297205085021,-0.0900831812384334,1.25204136160611,2.08542604238232,2.04899186283096,-0.155966660033488,1.22729122265943,0.564996527850083,2.07242656494099,1.7187002501707,0.685880212882077,0.189994049576056,2.11722327317497,1.99576286897793,1.94186343941166,0.495512699452716,-0.0664193338602083,1.82130163690463
"Skip school",-1.71677553215724,0.0813779636622013,-0.995042301491772,0.969379089816745,0.293074477196201,-0.0390077434268517,-0.105351022414581,-1.48506214060894,-1.24748681773429,-0.463559771690794,1.09498434523193,-0.701736370499925,-1.24770241139784,-0.233697171120019,-1.4118027745079,-0.749369243207766,-1.21746709367181,-1.33045156074209,-1.08158254771927,-0.494471720554447,-0.922714659772294,-0.618573933727368,-0.84963474698626,-1.32926882421037,-0.942926552419393,-1.76145308048356,-0.662874685864639,0.268240673255596
"Smoke in public",-0.8331802302648,-1.16725601291047,-0.66440981397368,-0.531985270827008,0.12061888394333,-1.27282409279756,-0.671210103937649,-0.922789111518454,-0.893397762904498,0.498165614345941,-0.05611031178465,-0.255097838492355,-0.983535692520071,-0.179223260473192,-1.34393389763794,-0.947376146829461,-0.53656810407149,-0.528299535961823,-1.02323337913506,-0.895844472806704,-0.945657759718807,-1.58631760757648,-1.13798476672097,-0.783372673254585,-0.568972294219071,-0.820133206412578,-0.904560052579116,-0.436008391146662
"Smuggle",0.250307502285997,1.34953108813961,0.484931690255878,1.39444970374967,0.140256684417259,0.648693172615837,0.131127399714463,0.577923380943171,-0.0972914986898599,0.42625805287008,0.53765318005647,0.762856016314877,0.618927949761421,0.179157730624354,0.736169465972172,1.0151792714813,0.274361233766876,1.05291377946862,-0.389803215675788,1.26790766067045,0.64360303994693,1.51593868298883,0.22437692927241,0.244971844688514,-0.291177702413118,0.616618180327346,0.0262515662227346,-0.0294042143408297
"Solicit prostitution",-0.259152851958296,1.26908853919888,-1.72054444553147,-0.124269926935311,0.3387769946628,-0.298659525681,0.812604626046929,0.26166380806372,-0.852047765897529,-0.135538895511545,2.20297205085021,1.04559982173758,1.12953415568605,1.73373482978526,1.02525979645647,0.163811398677095,-0.30866292692502,0.0308978079713553,-0.539092980341707,-0.527941239960499,-0.370017959937203,0.086696818228923,1.54562677387785,0.00957137083447538,-0.481360153726424,-0.566224556169747,-0.490333540489622,1.01752258200083
"Spread rumors",-0.114370315388872,-0.377617756764324,-1.04154884918662,-0.515656939841471,-0.0866079756032395,1.08325531097597,-1.55666005038047,-0.264187907789095,-0.175531103990403,-0.723792177477087,-0.0301177827777336,0.380971875592145,0.318402460238773,-1.0735216721043,-0.875865806717335,-0.973289961559427,-0.384637337558969,0.485298743160255,0.463396685313079,-0.96915961597681,0.123665200191042,-1.08464446561457,-1.13962051677619,-0.217152482989687,-0.627736534793407,0.152151137200215,-0.233833727760048,-0.460039370863319
"Spread STDs",1.28135821920897,-0.289739341955122,0.948267012900279,-0.0565271585985489,1.32872616764467,0.892620700975712,0.905798092895813,1.07142732983198,1.32178064818314,-0.169110328468057,1.51580354266125,1.75342858438247,0.570355756789209,1.67912439304659,1.57768432967069,-0.971659734682575,0.972461246741646,0.644164759153266,1.37193616011016,-0.942724212599778,-0.0730465988317805,-0.49848454161937,1.27019762172221,1.30287278373494,0.200305036935877,0.238851651917279,1.58235043011548,-0.113993262943462
"Stay out all night",-0.901124358947948,-1.5519929364873,-0.637787457835859,-0.909553418367363,-1.08734928901085,-0.557627113515505,-0.549290809949265,-1.77080155890282,-1.39439380814568,1.04435709193919,0.0375619784972897,-1.70388291297282,-1.97465966463408,0.832497137425214,-1.01542215845124,-1.17074501691637,-1.78896903774924,-1.62214320611673,-0.818939607065018,-0.663720994823684,-1.79600544261892,-0.64674590591295,-2.05468883857802,-1.22851028805315,-1.3435918290626,-0.681137143136015,-1.9565195668019,-1.22903072179633
"Take bribes",0.851753753824398,1.33178640822621,-0.717940788143276,-0.250295887850099,1.30424267614471,1.19904205891539,0.486427492075834,1.33816273882647,1.06240956679296,1.28302899811439,1.4887872044577,0.906076822748963,0.89814416656314,0.682483922565796,0.891594374834696,1.66215292119215,0.570098126871461,0.601138546488492,-0.163765895935136,1.3254333971496,1.29322789236504,1.15528886664755,0.507906938844393,0.0917163278564577,-0.446101609381823,0.87826794795563,-0.318765828939006,0.363233722488498
"Theft",0.121452763566314,-0.174394475229845,-0.139077052602829,0.357349356346536,0.12620015355171,-0.181410208293924,0.270120550600266,0.0386175829803176,-0.0751781306595145,-0.211810835298707,-0.34087966304236,0.740614300397818,0.872631709060921,-0.082397519018767,-0.200906396829492,0.997871696138719,0.363354073279217,0.396967844706597,-0.204436013440491,0.873815079374521,0.0511256369520659,0.618180758100291,0.186831586952247,0.174248456710436,0.251590192346207,1.02534917827922,-0.633825371210156,1.1710317576946
"Torture for confession",0.576884652442594,1.30403190887449,1.23727198786115,1.49550050682998,0.374811671896081,-0.410393737442539,-0.0135913012095253,0.729503412914979,0.921285792746182,0.343876231211973,0.5089865225509,0.991598801113265,0.618090498158452,0.243850094145552,0.711859416124444,0.301004047180208,0.6769822787139,0.860619705943744,1.21065422892797,0.26663802363124,1.34676840217972,0.3374049526656,0.148041926695338,0.988143212464886,1.46106510743982,0.909232417497439,0.36894083215445,0.758811920365512
"Trade personal information",1.33098098098601,1.0613144689402,1.14161647498878,0.564309514364901,1.21855045589484,1.58219093391492,0.848611192783998,0.684080440371238,0.959574673504987,0.79066387698373,0.280275605138752,0.700824074674637,0.588779692054531,0.56143078779507,0.996623934459977,1.67039462373623,1.11462954909578,0.699707688229611,0.373849293722864,1.35015520125634,1.48305333625345,1.52929608359406,0.729060346310539,1.55349531204004,0.994512651970847,0.929015273038038,0.452923835354617,0.238461106234171
"Unfair competition",0.599382189453383,0.256458805474381,-0.667558694807185,0.0124362001586957,0.0988387779631536,0.43513898938507,0.458469452021168,0.0281182773219718,-0.0117397807444062,-1.71689326873389,-0.409031094523002,-0.120186917622668,-0.0742849300610529,-0.126660715112219,-0.00676159839069061,1.20885928126735,0.622673574534499,0.797911759075392,-0.354057779065638,1.37145398633292,1.30869515075595,0.713604153301182,0.556674100490774,-0.392571105332841,-0.0347519253614684,0.282201909275812,0.611350190275824,-0.50979763474722
"Urinate in public",-2.38291516201238,-2.24334410194431,-0.40665142574529,-2.12542792131589,-1.97042431197546,-1.84635617394123,-1.95990101270738,-0.886949256075385,-1.98214522104366,-2.38097817690489,-1.69914070356046,-1.83255072942192,-1.38237201843414,-0.869362654758181,-0.783294047812404,-1.78758828654721,-1.54499067324614,-1.50714587408543,-2.17106740977821,-1.64946897505792,-1.92617146128526,-1.97415927514985,-1.15681926021396,-1.25430498283423,-1.18439415914303,-1.31106079623907,-1.78782956899466,-0.296628708790053
"Usury",0.114687269095965,1.16025450239672,0.560504830260013,0.940542641132853,0.49016658377091,1.4295300540323,0.2825667833439,0.620496784984635,0.672673962819223,1.28302899811439,-0.0185655476635488,0.576206334772368,0.688077524978017,1.03290089163895,0.684361163017998,1.17177161981896,0.969108220742727,0.837065612600336,0.934880611641524,0.300429365339273,0.421905669677257,1.07514446301615,0.859484150713651,0.134627872569433,-0.280493295035966,1.32260808588058,0.361907772773156,0.36387993370777
"Vanity",-1.66389295152662,-2.01759975297087,0.182307669098968,-1.99003874704398,-0.0803631984190377,-0.909267034978893,-1.04758602144988,-1.21592140287914,-1.72977837387124,-1.65350510255943,-0.674610899674371,-2.50381948933846,-1.9041815007842,-2.07424134322408,-2.0633876205042,-1.24977071977929,-2.28597412399654,-1.9351434632245,-1.34319930359046,-1.40387379388992,-1.97687615796523,-1.29403659170146,-1.43412440040286,-1.83285032036084,-1.31403163531914,-1.76145308048356,-1.79221162224694,-0.658358192946044
"Voyeurism",0.578828564050669,0.692132946586157,-0.455234158605091,0.533933457309718,0.747243244520531,1.10093346624172,1.37509376524198,0.567497241177915,0.250347228199603,-0.927964594255871,1.58572818271748,0.141890433853717,0.499451521071154,0.89455445190098,1.06848272349252,0.812080173073439,-0.249381427264146,0.484967772293603,0.189933697413194,0.569380860566472,0.389498080667736,0.49123523655883,1.39495082593388,-0.981072289967938,-0.586067346022514,0.164536925016939,0.00887577245718297,1.35990682634482
"Wage arrears",1.08654293223244,0.661252594529077,2.3026947168705,0.377892068327618,1.81839599764395,1.55140218503103,-0.155336609178982,0.703984889014002,0.772916379805815,0.036260369353028,-0.696646742093135,0.97221381935069,0.438038403520082,-0.0780077805632186,0.606648708586736,1.07699204056196,0.879064231644505,0.853037464271351,0.431194913953051,0.899457695618033,1.46055550586668,0.363559303501021,0.877526969504596,1.49330769088417,-0.820055867582145,-0.0274427861422754,0.539802804182376,-0.280608055645615
"Watch porn",-1.84414062071832,-1.83031555234106,-2.16894507622267,-0.867609493008974,-1.83780539968399,-1.0362211100551,0.472448472048501,-1.91809447885927,-1.71897184107813,0.0113361236731933,0.796851107173999,-1.75622236373178,-1.33212492225599,0.418715513118003,-0.280309437988732,-0.769149329313576,-1.06349613980148,-1.54730367257255,-0.581146435177177,-0.845901674317986,-1.53315579093344,-1.3665883676204,-0.114724962175681,-0.804521934577409,-1.02840181143661,-0.50429561708613,-1.50909287733894,0.357013939503011
"Wiretap",-6.83128340615104e-05,0.430447666984198,-0.733442970708227,0.282890869866311,0.157285266646401,0.523136917819029,-0.0942394936749058,-0.0508530479769207,-0.232565582620706,-0.441340217506436,-0.45113257360581,0.277123759006921,0.0276871180651923,-0.226639822372252,-0.211125427274542,-0.0185204206828648,-0.336972783358963,-0.821374238382263,-0.0266878075772088,0.0880266460316389,-0.556894169008884,0.296305258495653,0.865154750905091,0.21856474024976,-0.411555358862364,-0.764960151592628,-0.0848983526267473,-0.124978853671076
"Sabotage others",-0.619009768845138,-0.681812269565409,-1.76156986439086,-1.82333179224654,-1.21755694835157,-1.20932229822453,-1.47063531175073,-1.4968784323429,-0.152968013543251,-0.550285973495116,-0.931558859306837,-1.10197922924486,-0.751142872696129,-1.63390876909961,-0.681157679131317,-1.07056016521162,-1.05008403580581,-1.60180354194793,0.0142103325649794,-1.09811840984216,-1.25445052545157,-1.53145685509071,-1.06933000011746,-2.05298516198186,-1.42372488439124,-0.699814124764407,0.0102548037084169,-0.174414011945341
"Blame fate and others",-2.48905273581328,-0.539854830258236,-0.109756947157615,-2.05219249608696,-1.29100742285146,-1.53187109605577,-1.34083012578264,-2.32054347379817,-1.35883984744107,-0.16211627993545,-1.19854384861245,-1.30136761308849,-1.95707318097172,-0.902128916801385,-1.98672691357652,-1.49441915319325,-2.13646445945531,-1.43830393382179,-0.986061128878705,-2.03048359329645,-1.90849459455279,-1.95889367445816,-2.03171186117894,-2.65199529634259,-0.312546517167422,-1.2925625417076,-0.544115759287759,-0.19638519340057
"Embrace new shun old",-2.45872771472731,-1.2496420267941,-1.26494637293511,-1.98811149901164,-2.07447915085031,-1.64476317529671,-0.342328695258886,-2.75844134393895,-2.49138163738565,-1.51546467099483,-0.0638576440636076,-1.88291706596575,-2.63899805767518,-2.04894808831353,-2.29757673130156,-1.30368260860152,-2.26522065781377,-2.60861691830364,-2.0944700456136,-1.37603495491026,-2.16480916217354,-1.44749605128639,-2.99409372224041,-2.32621785484816,-2.0327361048889,-2.20380264536655,-1.16467982234318,-0.492996143046163
"Wrath",-0.970274596424288,-1.70846875026907,-0.891129233986086,-1.7455191529408,-1.39506226172631,-1.37866041708593,-2.00358545029279,-1.9491122446609,-1.44235461972116,-1.01189317664715,-1.97089328196082,-1.5599494233857,-1.68699503901417,-1.5601846795024,-2.17545716005244,-1.32134339976742,-1.35688591470683,-1.83091812438785,-0.763027627340586,-1.88816342707205,-2.04769992007096,-2.41113709494961,-2.28202835534392,-1.76267542581143,-1.24609661174608,-1.62985408493088,-0.828540954854826,1.39515226326258
"Superstition",-1.62478963486314,-0.88629858094836,-1.68779608486301,-1.1367496807253,-2.23770242751673,-0.757753981260797,-1.14445817777964,-2.6090000073036,-1.38056726787166,-0.644705628685305,-0.268863975137557,-1.42183142832735,-1.68908866802159,-1.57929833236094,-1.40351344603524,-1.45321064047281,-1.34515032371061,-0.864621098291472,-0.715717490650682,-1.44626117866403,-1.46509985401345,-1.51619125439901,-1.85673334098594,-2.37876260347629,-1.17442204559102,-1.09055624041104,-1.30396197871784,-0.601021118534372
