"","loyalty","respect","fairness","social contribution","altruism","self-advancement","caring for others","self-control","sanctity","obeying rule","sacrifice","duty","empathy","temperance","material cost","competence","love","courage","justice","autonomy","indignation","honesty","warmth","passion","gratitude","nobility"
"Provide wise advice",-0.798100226173538,-1.3018266977181,-0.659804911145295,-0.971820821049493,0.108627278697668,-0.164361220392096,0.0143671655525628,-0.700825944486291,-1.35011808207161,-1.22671903743741,-0.919023556540764,-0.671087017748527,-0.964450627971563,-1.54842437650504,-1.79269456080713,-0.516961961561179,-1.42922674887298,-0.557252598605301,-1.09233374742439,-0.0802981524543229,-0.817638519411911,-0.23064504632469,-0.29823017501457,-0.717826943179158,0.440143702805605,-0.70816146794622
"Explore unknown eagerly",-0.936048348826805,-0.858862756242151,-0.99695820817887,-0.533020577161534,-1.29666219795851,1.87017119453907,-1.03349537567524,-0.898256167670522,-0.771729055170931,-1.33984654435256,-0.0450522119803074,-0.48148931554125,-0.650087160519642,-1.08022620932858,0.340825815933651,0.688734470121849,-0.624140440440869,1.09759358399424,-0.86187880320556,0.874369446077922,-0.408486651255076,-1.01284896814311,-0.805303203187265,1.552687771134,-1.17966946626072,-0.856502872215316
"Sponsor child education",-0.0391435373303049,-0.236397086847837,1.56862051782662,1.26039699885483,1.7082949821051,-0.462006925715766,1.28881804419583,-0.052726731601887,0.743538270283729,0.419943306954025,1.59849805456472,-0.64043349703238,1.42192690348629,-0.0435016962949671,2.76123145210879,0.397221793215894,1.57760105516207,0.642547463049538,0.537870488726348,-0.82281739575718,-0.0393605093309741,-0.5515492193784,0.942877746631913,1.34368098496795,1.65366227089866,1.23515893490589
"Be willing to contribute",0.510916640754519,0.400910236450762,-0.338438056113291,1.13612640457321,0.952319828756741,0.267845147546649,0.526304195680168,-0.120537112209237,0.508166526268939,-0.168886655007544,1.78790673178352,0.354102952869265,-0.396662796145911,-0.289873339966464,1.27801081995287,0.815772626162969,1.0357691776931,0.855682677254076,-0.108633222842043,1.60362941717894,-1.06364459116983,-0.895505541421031,1.13460835635995,1.07365979538697,1.26633852416935,1.66651380693485
"Offer condolences",0.294479475461417,0.826594469992978,-0.131241004842658,-0.741309531500574,0.529396666044372,-0.689891918854201,1.36192579573137,-1.02487555092849,0.0818638570393521,-0.979333145322263,-0.0543686982056157,0.548241917404861,1.27964170813999,-0.558949219791997,0.419739129678337,-0.735197557156457,0.816474217549191,-0.784044073674204,-0.262027752369355,-0.756521034747996,-0.617041751099321,-0.234068632808193,1.26525129548063,-1.14991550666856,0.604643342853419,-0.65479797862305
"Speak frankly",-0.326462855249529,-0.562511193827258,-0.298971951109361,-0.923934960226462,-0.713527517704758,-1.00459024271204,-1.21841229471545,-0.841847532475027,-1.63816042614566,-1.13781473245853,-0.67534037495299,-1.23988012437036,-1.60024672432407,-1.64353671715033,-0.773194944122506,-0.728716770065664,-1.44806652208122,0.7327763294748,0.512847037697397,0.80144344896782,0.746922645996509,0.849154130572251,-1.44970252454214,-1.22567448819877,-0.840489075484234,-1.0676373369323
"Charity",-0.17079928947658,0.602049693880503,0.0310687731542748,1.31196638743348,1.55204836921414,-0.809021750432064,0.965864551787589,-0.747217661647888,1.24758071940846,-0.571681633195023,1.74777417573604,-0.723224202556332,0.218027287077571,-0.652763501197706,1.64590209262364,0.779686425316506,1.20457354563893,-0.379983827769807,1.46153022523613,-0.0604092441515683,0.463184720035573,0.311422813563332,1.03481166675387,1.85256707302442,0.935696301351643,1.33885389711342
"Innovation",1.55012947072116,1.77137523574868,-1.46040304122502,1.57507551283475,1.12476171355315,1.79203919689161,0.235622553592616,-0.535800681946281,-1.05878382549387,-0.550273238685059,1.55584773423006,-0.0546106566793561,0.200277877379628,-0.692413310697477,2.46787509659697,2.26889975762464,-0.875337416550731,-0.0865993223870412,0.371222716117582,-0.597409768325955,0.798003096617331,1.50521111756815,-0.0831704690149803,1.91487965523541,0.670918478731432,1.4562651241632
"Learn from history",-0.0604407913539672,-0.00941425670591093,-0.705714461864152,-0.23051086023143,-0.65214491978331,-0.20023815808736,-1.52964570070564,-1.50452040490842,-1.80933987633823,-0.400074661329435,-0.893807995532096,-0.724122474225669,-1.8261385651609,0.154393335047642,0.0282718753920074,-0.145574811182993,-2.17582004715379,-0.936631886393373,-0.381649338605852,0.324109649701698,0.957391256436968,-0.403022625769081,-1.32674090637902,-0.935920980917643,-0.96457232456899,-0.00966068085387258
"Be humorous",-1.34021214677585,-1.422266566773,-1.33072869621211,-2.06951209222357,-1.435238062963,-1.3146378524242,-1.04478138481854,-1.09028556408072,-1.58285629608344,-1.35221583895832,-1.08443763675763,-1.44423692914467,-1.26007010673385,-0.913319392196205,-1.30146646745988,-0.876105579509314,-1.28730045737091,-1.15764035303502,-1.37568753113456,1.33844397314221,-1.01331984766083,-1.12830942229926,-0.708102235558316,-0.619165354678415,-1.1908876845349,-1.28808514547719
"Be humble",-1.45560454130405,-1.40744319827394,-0.998085811178982,-1.24219175831183,-1.79386124112224,0.806087798006953,-1.28091942227833,-0.691824566529563,-1.60524130110862,-0.957429186124568,-1.61941097911755,-1.09455972986418,-0.942172058557594,-0.0665127464510845,-0.836007716714449,-1.22685363236256,-1.19184560644916,-0.749903421513294,-1.13870073021332,0.662221090848535,-0.315093290045364,-0.0407044682199273,-1.86340516509097,-1.32537461973637,-1.7769664270673,-1.64372046030743
"Help others willingly",0.23191242297085,-0.268823205439541,0.123215878050329,0.328464476683556,1.04610695604342,-0.44942264038039,1.28881804419583,-0.208927113792164,0.426062355588337,-0.21739369267718,0.480944390660522,-0.652454485548516,0.603617911550115,-0.289584573846858,1.02180082648573,0.0753917979117206,0.470487323689637,0.516456567043488,0.788104999015851,0.039035297362208,0.120742395599961,-0.0138179023694811,0.824129766474379,1.52542601641669,1.34540514266923,1.05081233542585
"Empathize with others",-0.685805614048774,0.0785994937572852,0.599727639980135,-0.080407104190009,-0.0699402788919998,0.46627561776243,0.507478949659766,0.445949607200835,0.176341745895639,-0.218363833430573,0.162219699510949,-0.29257280268322,1.02776759846991,0.520115625528868,-0.230428165571607,0.261959911131531,0.412800676940643,-0.0573359062491183,-0.0656362713836301,-1.31341046722514,0.565472687074782,0.632326986617041,0.510022206057677,0.092236625563787,-0.418293869478869,-0.00534005742855909
"Uphold academic integrity",0.514585067284911,-0.332517366958959,1.76454153909613,0.22532569952626,-1.0748478100151,1.51299634815067,-1.29133727687214,0.808405092925076,-0.690089625079088,0.774272058681446,-0.662329145472517,1.87996709518412,-0.3367947781357,1.19142466208333,-0.483591824335611,0.25846175900866,-2.09615472044466,-0.745026185490306,0.164818672835195,1.20585125112384,-0.108293704509572,2.24606300550368,-1.12850839111604,-1.15206775046204,-0.977741537325626,-0.826258508238122
"Be an honest official",1.46250648273809,-1.08503493341928,1.23847137019759,1.10053189426103,-0.606386983150958,-0.17938660455507,-1.81014643564409,2.38249221253748,1.31443186563752,2.04965733902507,0.215474964361257,2.13148316259865,-1.56939947436627,2.25866536778552,-1.20805260052827,0.944799205516039,0.675900525149249,0.367358799752532,1.44901849972166,-0.604039404426874,-0.352450634529248,1.0677158916791,-1.77147124496901,-1.11351184021898,-0.456533361335178,0.81730664275113
"Dedicate oneself to work",1.31613626417547,-0.874496777706008,-1.42516544747151,1.79588984632776,0.51970467689888,0.189093054679762,-0.549065137062886,-1.24540931086833,-0.683505800071681,-0.380195437855897,1.35743729132185,-0.163600952558989,-1.30077133931706,-0.858092871821523,-0.0487341679298467,2.64070335468412,0.631844440108443,0.752285273566749,-0.841179257317642,-1.02170647878473,-0.943830739617892,-1.06651368627202,-0.779446788152963,1.25475573743768,0.00116994425104423,0.889028991611333
"Give directions",-0.551826525099917,-0.301249324031245,-0.730131729836509,0.0396759006431285,1.22281443490819,-0.909944130273591,0.590127262770692,-0.805526182825073,-0.624251375005021,-0.65280818081173,-0.695916272736064,-0.557973733702395,0.168328939923332,-0.603275769040096,-0.846879158124594,-0.856049507338185,-0.150303618136792,-0.0316662429702382,-0.0347249495243389,-0.0670388802524855,-0.504548394213637,0.0984985581993166,0.46941805800381,0.391337020176567,1.10036023567167,0.0637899173764567
"Share food",-1.80019207339217,-1.77139590379045,-0.568469068136199,-1.36595829090059,0.328508163755996,-1.50314679912919,-0.0494193476621936,-1.3255215746832,-0.687456095076125,-1.25738458031418,-0.44804996229043,-1.33887964312769,-0.84313615079833,-0.648232094397732,0.766862346633816,-1.06218272401013,-0.198110368958543,-0.798675781743165,-1.0638627930803,-1.93659626071147,-0.785571124710832,-1.68019156343999,-0.211739710689303,-0.27425974612457,0.183228534641041,-0.833080545225459
"Consider others' feelings",-0.36281624286639,0.807233452700276,0.762102471996305,-0.47281114921493,0.48523851229058,0.605176946913476,1.20710938071493,0.479554751572619,-0.48730781485096,-0.556457885987937,-0.616674147363881,0.186984499187162,1.63538785703416,0.328663688229971,-0.112950280180943,-0.608874193809174,0.163613276639659,-0.123666316161744,-0.411115750987477,0.0589242056649627,0.493269416223576,-0.497725069525989,1.03683962087421,-1.09261879794824,0.40502580212124,-0.576678966846484
"Read widely",-0.609909945164451,-0.679245220757392,-1.42093693622109,-0.618938862061317,-1.24923019047376,2.68373612242377,-1.42676938659173,-0.591009133414212,-0.632151965013909,-1.62021722208306,-0.99487196405484,-1.4060903255868,-1.52826980775586,-0.876501711946417,0.444406493813635,0.0380781752677585,-1.63495707230696,-1.03278311084655,-1.06363037712647,0.423554191215473,-1.26503719263558,-0.597516573896904,-1.35776860442018,-0.209979398159543,-1.06524363986417,-1.09068066186731
"Rescue",1.32049252068031,1.34553427016171,0.28738160894903,1.52238791047314,1.48648059416169,0.84019303507529,0.755771150812337,0.469353189888327,1.35583399597256,0.964965350520203,1.55260573352894,0.575489491374769,0.819977095281931,0.0807579745480668,1.74958343199816,1.15573777852519,1.64919219335339,1.80576825453197,1.42335106282064,0.0125167529585347,0.852323725076042,0.733693676416101,1.20718776698255,0.542055578399413,1.41905518438228,1.34701507469456
"Protect vulnerable groups",-0.0894825013862336,0.182363073250737,2.50795408845588,2.12160578811825,1.82659598900826,0.134613260401769,1.65691557317726,0.151733139129502,0.622913190683741,0.412764698477469,1.65820850303325,1.01972225984845,0.708155814184893,-0.955396741053105,1.80696048388503,0.558603211151031,0.92036210981177,1.25394383593114,1.59032739964985,-0.252668691078201,1.87297974401076,0.469272974362724,1.61169701551918,0.886722048753983,1.75823557515877,1.5823450305933
"Volunteer",0.925041235740945,1.25057206571458,0.550113107975194,1.57349685808234,1.49624600746737,0.798646655373861,1.68469651876077,0.613975329059755,0.961133686778522,0.490809057299509,1.23942846580128,0.0525631342689491,1.31481839668836,0.67720439459463,1.08219772320876,1.52129467536525,1.03978832931086,0.176771422854265,0.861703384395116,-0.173113057867181,0.970177252316869,0.849154130572251,1.64387388756187,2.0914319714999,1.38442503231853,1.13914508101004
"Be grateful for help",0.434161870272481,0.538979111564772,-0.0813445720876892,0.220225430326174,1.11335595609722,0.0421304876761999,0.634363076122887,-0.951064251683325,0.845258366648163,0.278469499900676,-0.32750528844818,0.277809745753523,0.925272996580203,-0.044422138301212,0.532121371515994,0.154324461197025,0.836821172614091,-0.30705039062606,0.161952581866099,0.781554540665064,-1.40912980707342,0.346782317039105,0.894258846567415,0.915481702082135,0.945301197265315,0.741795439502573
"Keep promises",0.84566056165275,0.365802258426661,0.338123743954084,-0.363117859433667,0.256038517645387,0.543392914141744,0.0525659657298816,1.23283370203624,0.338184135168619,0.312766180398458,-0.512548713081025,1.11703502402669,0.419926822391667,1.24888255701861,0.435950928272412,-0.00914687839100608,-1.0589395699983,-0.144239384476889,-0.216052971502504,0.934036170986187,0.101841358212281,2.48023632097531,-0.0554671671925146,-0.591254510563073,-0.310501424322694,-0.195447488142353
"Listen to suggestions actively",-1.02291722854097,-0.963396115441667,-1.13339817119246,-1.42446137878393,-0.625556735656907,-0.596877635940554,-0.506321292479442,-0.475791495568095,-0.732884487627232,-0.41111867437029,-0.770459404150867,-0.59615618933128,-0.206374419858222,-0.158556947075554,-1.13188145548465,-1.52744778654436,-1.1240224228995,-0.890123957174174,-0.496836223370387,0.390406010710881,-0.44851237748781,-0.695165315904026,-1.15740673733084,-1.081622459911,-0.698089431140574,-1.21918108562251
"Value collective interest",1.29174122774837,0.478367212966433,1.0643000760264,0.344671998808274,1.01857779091501,0.381942667920723,-0.053696151127023,-0.0677290281964336,0.134205265848236,0.630994396164757,0.611258409953321,1.05527385636157,0.862392063973911,0.819566091560476,1.24043759262308,0.466251995107224,0.457011344735978,0.133851745851978,0.468688006469839,-0.33885396039014,0.588153931939998,0.0477610065137979,0.238434083697382,-0.043293240745129,0.506867714105898,0.42672228510279
"Communicate effectively",-1.33861769995055,-1.12525422000866,-0.725044799008934,-0.792628029643855,-1.1770153693897,1.35708669298113,0.361424713687666,-0.203178334592909,-1.18857923278274,-1.30126612546318,-0.770459404150867,-1.14451361547568,-0.0657472509329414,-1.04481110737402,-1.64774200867188,0.205989477165588,-0.474857666067008,-0.443334300068387,-1.60340959413158,0.085442750068636,-1.10305072411722,-1.55839243960335,0.582577897918637,0.518344724506626,-0.669168807047568,-1.18258286366692
"Business integrity",-0.0466841918649989,-0.924415933959026,0.807206592000797,-0.685475005520685,-0.665361268618071,1.26991902213634,-1.14822885324133,1.26207454194416,0.144739385860087,0.499055253703347,-1.04048293251515,0.800963165975758,-0.0597783558172677,0.917746572226577,0.396851884604349,-0.646823187736547,-0.153899701163207,0.410878751957648,0.156320964523313,0.788184176765983,-0.0482551151604708,3.02381626489355,-0.741569408234293,-0.407083934521693,-0.825949032393865,-0.894933680577316
"Aid disaster areas",0.351951491104218,0.054511519946305,0.55800632897598,1.11379259418125,1.07661224713165,-0.457356211570084,1.05684714857357,-0.8493486807723,0.249751394728224,0.0179412322669145,0.946524509124581,-0.38839343781073,1.12973489694154,-0.890308342040087,2.51239623760994,-0.303341471924496,0.733579215432937,0.551099287618529,0.76013761257173,0.569406185435677,-0.12296980412824,-0.332120149695728,1.15202741490938,1.18582244336676,1.42578611534678,1.04313122711418
"Cooperate with teammates",0.601710197381711,0.42833834428209,0.333895232703662,0.337212855103148,0.331371706003528,0.677418039976408,0.267434216727299,0.410844233169596,-0.56499694993836,0.327173597410845,0.458754696972893,0.364320793107981,0.911554868594161,-0.535938169635879,0.662439290983747,0.945848651152901,0.394463297684623,-0.425567225984648,-0.00077769426815244,0.343998558004453,0.382021441841419,0.728815065677109,0.793485126433725,0.471953923412043,0.286502887311509,0.0119424362726949
"Be considerate",-1.03740391683941,-1.21844524991087,-1.28562457620762,-1.12726569233656,0.085562302509002,-1.11000643001417,0.385937312731934,-0.961865905231398,-1.59865747610122,-1.44704709760246,0.709296511155026,-0.5950208737492,0.523072314438073,-0.925591952279467,0.0771933617376558,-0.336923732304061,0.189737762155085,-1.0522920549385,-1.36832769259663,0.0257760251603706,-0.405818269506227,-0.306100892421103,0.499296582043448,-1.30044958685197,-0.213049249923581,-0.496162878544172
"Use eco-friendly package",0.186584577508724,-0.0854385179419225,-0.566777663636031,0.494439903789624,0.288289000243154,-0.0713469374784491,-0.0246487212595645,0.271322874840315,-0.392171543493933,-0.128944141176453,0.553802529292628,0.578895438121007,-0.224519861009871,-0.209181257419012,1.10635648189797,0.981344606517331,-0.690707639109983,-0.582858087725984,0.28633718340074,-0.166483421766262,0.888817769582358,0.471109627817403,0.274328871627353,0.215945428482675,0.194318398015051,0.692059394280866
"Return lost property",0.3018163285222,-0.358299788320408,0.262010541446504,-0.336509218146376,0.82191852025376,-1.01544190905196,-0.167853905149765,1.59902612345767,0.516396307528197,-0.190790614205239,-0.165210995860564,0.422221887794036,0.155340624151626,1.00119998079276,-0.255434600004297,0.0424968937387542,-0.664331956618447,0.371860863773751,0.79778899709207,0.317480013600779,0.221391882617947,1.95154897826031,0.543086159785751,-0.146354972112526,1.64709050001036,0.655033122945671
"Be punctual",0.116884473431284,-0.683823025735044,0.355037788955768,-0.687322471453843,-0.731909472162517,1.14248945454464,-0.429106605489996,2.00408813151042,-0.303289905893942,0.331039001975145,-0.646576836183572,0.864994964805042,0.0159072342494799,1.56727181463325,-0.00636752125796145,-0.401454350288325,-0.347823766720021,-0.00124769198476591,-0.453975987178932,0.0522945695640439,0.168354697393148,1.60524313608194,-0.711256830856618,-1.25756386850675,-0.53282872203768,-0.271693783883179
"Defeat enemies bravely",0.0615343907815525,-2.02099168505553,-1.31268704821031,1.30690153676951,-0.509848897329044,-0.937619959014213,-1.52183230976028,-1.62796787402926,-0.708524335099827,-1.69855608791952,1.40736410211901,0.277809745753523,-2.63105899374734,-0.844593055729934,-1.02263412758859,0.924859738415672,-0.141842246309934,2.37347852760768,0.218637492143783,-0.00737215534422157,1.15251667182155,-1.87636306894473,-1.50773581161913,-0.970971808411329,0.0757954832053196,0.301424205768699
"Donate generously",1.08827053930692,0.67367221956108,-0.894722202835355,1.43918976914674,1.43271716486336,-1.05006389213649,0.67282900077697,-1.25991153090972,-1.13340050891114,-0.491862680824538,1.71146376788355,-1.25047640313643,0.189684728355658,-1.46149374258193,2.51128121797813,-0.581902016354997,0.494523426501718,-0.610089322187662,1.02814896363746,0.423554191215473,0.376633363310089,1.03128893149463,1.43525460728511,1.51943442197333,1.69088124256414,1.57135513716276
"Be understanding",-0.975254657370364,0.245941427203756,0.266239052696925,-0.259518641306919,0.197446037811278,-0.108552650643908,0.740144368921616,-0.475791495568095,-0.510680393627254,-0.76673589428581,-0.589708329767551,-0.654057284017334,1.43210221163209,0.182006595234983,0.050920711663141,-1.47312354181271,-0.106674669654553,-0.54627881755358,-0.497566795578195,0.178257655481494,-0.868782502931516,-0.485959008331949,1.04773987427103,0.372643245513268,0.637681894155157,-0.221371228694234
"Embrace diversity",-0.705166754070285,0.490874430137519,0.527561047972948,-0.0730400486787734,-0.244787679031882,0.3124920033452,-0.204407780917534,-0.250156954786118,-0.618984314999095,-0.807966876305001,-0.459091723742647,-0.48148931554125,0.170899544086482,-0.260419195766634,0.0433710995727633,-0.0178922586981845,-0.628159592058627,-0.572372030276561,-0.0729961099215569,-1.72444790548208,0.0762693664524793,-0.269673932236628,0.16527000560032,0.253210796275526,-0.363666023969857,-0.354830485609473
"Respect teacher and elder",0.54738511626253,1.99419288619155,-0.473750416126766,-0.133493239491558,-0.932797974450893,0.0892577243524476,0.445993180390393,-0.355773122811724,0.181608805901564,1.10515068938545,-0.693566775757374,0.390433051495809,-0.0657472509329414,-0.702231358764087,-0.756710144075751,-0.663198438540824,0.364570857527549,-0.666014961917915,0.126585393959863,0.900887990481595,-0.194231293185735,0.0532709668778361,0.168875257369809,0.232439935538528,-0.189912750649176,0.143086064946916
"Reflect on oneself",-0.214942688725625,-1.30738546090525,-0.525487494955448,-0.941615893453427,-1.15101803379944,1.6340972968853,-1.21841229471545,0.701800538300299,-0.20598484512271,-0.744907727334474,-0.694705925807648,-0.139558975526717,-0.566863850737652,0.957885062851836,-0.778026695860348,-0.202594690785797,-0.891295812680064,-0.316690104177376,-0.758933061656312,-1.07474356759208,-0.379134452017738,-0.238450823507078,-1.65195714881046,-1.78648772809774,-1.26190388369661,-0.777291442751236
"Listen attentively",-0.635466649992845,0.0114311052458986,-0.577489892137097,-1.04272873034513,-1.21295865533836,0.00988553626613592,0.111166397820086,0.225115801329112,-1.31950329578717,-0.354426074093903,-0.798493174919328,-1.26985245573726,0.410287056779854,0.436662216962683,-0.583246703928599,-0.874939528801691,-0.16595715601648,-1.22397076294764,-1.36694772287077,-1.17418810910585,-0.368460925022342,-0.207878196209393,-0.322650122546966,-0.410158568512366,-1.53962794827546,-1.25832085076947
"Love one's country",2.03927484397891,0.626369282824281,-0.125060873015119,0.672874321833811,-1.19203276968332,0.702102599672722,-0.767840083532983,1.04197931067401,1.75808038152123,1.63100429083021,0.200043041023952,1.57395587982977,-0.32233512971798,0.763301123794133,-0.601365772945506,-0.344969482186666,1.85845859729722,0.565449616686164,0.00750212408701494,-0.425039229702078,-0.353451277685067,-0.456687343897996,-0.619998895441436,1.46506070239979,-0.867998097686986,1.3599769449705
"Defend borders",2.37447731819344,0.923141409559255,1.36649768005649,1.79218208483691,0.606932579208306,0.535726282337952,-0.477099694145091,0.14350330785478,1.88286918781547,2.04934017762492,1.37511472672371,1.80730689793103,-0.112543388639826,0.0390312702649737,0.801193214244797,1.33718140574044,1.62256531388574,1.38632595655508,1.42879831173851,-0.504594862913099,0.819671158938812,-0.677765441070221,-0.0702098599752305,0.517765969873087,0.789474399086919,1.65559854775511
"Save lives",-0.820171925798061,0.420000199501367,0.468925691967109,1.18672644374248,0.834429997150668,0.292648956323622,1.27458030958428,-0.302965038798921,2.07775040803471,0.0166527640788146,0.505958227181121,0.848192294190265,0.712011720429619,-0.456780157098835,0.646132128868531,0.701327817764187,0.907156325924851,1.28097765845856,1.02840372727915,-2.12222607153718,0.239930113715213,-1.06065935338523,0.634899114223342,0.092236625563787,1.62010516580026,1.63995334293082
"Compete fairly",-0.356666233683086,-0.481909127613594,2.97671476421685,0.243743338304349,-0.322910985477361,0.997077125589641,-0.99616473004741,0.426746667559815,0.887394846695566,0.639240592568596,-0.963402943916022,0.593881603804457,-0.51887923969218,0.986472908692847,-0.935058627340207,-0.106512112477595,-0.772849050297908,0.972736341805768,1.15977684518114,-0.0802981524543229,-0.412933954169824,1.2090871895379,-0.964751095898792,-1.62655210042285,-1.11674989420124,-0.642872047297038
"Keep quiet in library",-1.48837581830888,-0.217867876224007,-0.368037634866239,-0.559847322065934,0.109997863021272,-0.0108876535845787,0.217058406684842,0.946426221594903,-1.58713578233826,0.632540557990477,-1.81637901609979,0.292795911436972,0.861580294238179,2.00448176759948,-1.04885909590253,-1.34056198768284,-1.03735946614159,-1.1278892132948,-0.352669974362766,0.582665457637513,-0.212571254431694,-1.05983769262919,-0.647216174424911,-1.61234045886595,-0.589365280414986,-1.4188661212048
"Care for sick friend",-0.612916616320733,0.0911339597675233,-0.852625024164497,-0.808228853079412,0.142546361328058,-0.793757868107773,1.70716640121801,-0.677422361798798,-0.624251375005021,-0.779105188891568,0.276134704538347,0.332304893693339,0.977615615286883,-0.888774272029679,0.449806686932399,-0.663198438540824,1.55423973638386,-0.439711210451311,-0.352669974362766,0.741776724059555,-0.514437103047606,-0.451808733159003,1.11795778568771,-0.0534648534295711,0.570286511224134,-0.649875410757677
"Look after elderly parent",0.657653701970182,0.931918404065279,0.461496778084016,-0.437709296484926,0.166387618049588,1.24015445160397,1.74683810756597,0.337509477463314,0.677022273517723,1.39425263389648,1.34071539296873,1.66519210036249,1.39328947114242,0.208536982473801,1.14831643120028,0.475531303896315,1.41735216069669,-0.206521949305196,0.64090822825732,0.874369446077922,-0.385313862383493,0.604025338353414,1.09106070998639,0.945755021374927,0.844923715956968,1.00432141669733
"Adopt orphans",-0.276716114300141,-0.507250548025598,0.555590036832883,0.022514994864015,1.71814245770747,-1.2419981267202,1.18504804157509,-1.10845977481239,0.0868017257949071,-0.484009160439931,1.06214823922739,-1.32356910156365,0.728115799451708,-0.692413310697477,2.38961289933066,-0.401454350288325,0.838543666164558,-0.497680644324529,0.917551570947618,-2.26807806575738,-0.161268930405837,-0.0982529431332155,1.38159182133157,0.881223879735366,1.28090756036658,1.02144339188124
"Cheer up deflated friends",-0.13594923743786,-0.00663487511233647,0.243405091944651,-0.822269594171414,0.264129860098669,0.788725131863072,0.885994333235014,0.436348137380325,0.987468986808149,0.391854700453451,-0.0556427476039485,0.35773596273192,0.667026147574489,0.525024649562173,-0.294851522076165,0.0324811318711639,0.613758257828533,0.67229860278976,-0.467483455554421,1.60362941717894,-0.261725655068385,0.562942300551374,1.04170671076302,-0.322142046139335,0.339472387510426,-0.523814868466178
"Help elderly cross street",-1.54156800299956,0.219884724763994,-0.236953786103185,-0.611755982937862,0.900555795820592,-1.28983404364722,0.994079574645836,-1.08188427798777,-1.09828677553831,-0.024578217940376,-0.848419985716492,-1.00373448329782,0.135553736843166,-0.581960269948114,-1.22647365402879,-0.712275455088168,0.486150193964723,0.727899093451813,0.0571810342180192,0.483220916123738,-1.15396580233974,-0.690860659369621,0.724534686342254,0.0279767751586976,1.11616329097963,-1.1070990308835
"Celebrate others' success",-0.417195271434547,0.655443077125489,-0.395411681382123,-0.744799189374317,0.0571324676822263,-0.220659338997724,0.838839833494592,-0.058885569151227,-0.557720090719647,-0.258943799944197,-0.222543218785536,-0.64975503549577,1.10105236627902,-0.281605510015634,0.160350352173144,-0.536355225961659,0.861887986651158,-0.373586157844916,-0.439825957048739,0.503109824426493,-0.0524683495007587,-0.538083112543287,1.29428305972967,1.44753528865295,0.0316670685295715,-0.269125487605593
"Promote justice",0.602627304014308,0.795874989221891,2.15638358163515,0.410277566834644,0.860686476835727,-0.266676931597108,0.63815905552954,0.0822939377490305,0.77316548281706,0.547501657575896,1.06552072292886,0.541430023912383,1.14164085306561,-0.0481039063261906,0.373964639530362,1.06322086053872,0.28896056771848,2.40932621237663,1.83668831070886,0.80144344896782,2.56395017581795,0.217844783014242,0.408814250133938,0.217681692383292,1.20719258617463,1.12802768740104
"Step up to help",0.444884963207471,-0.147651920175806,-0.249639319854449,0.829036511683814,0.850113397767919,-0.503863353026907,0.240087348418536,-0.480292184546459,0.249751394728224,-0.50002297934917,1.16871872419381,-0.507601573929078,0.346106512048569,-0.890308342040087,0.427368211369666,1.11182676371967,0.081723062427844,2.26300913168702,1.19173403883267,-0.0604092441515683,1.02611964161291,-0.632574099487978,0.289058222606646,-0.461197492757557,0.970608834195748,0.975214058884692
"Take the initiative to clean",-0.577383229928312,-0.829331826810421,-0.230188168102511,-0.557687057667902,-0.528582547344031,-0.434102640841672,-0.0694717595119412,0.258720945700896,-0.703257275093901,-0.457503529141879,-0.311544669611923,-0.474223295815941,0.0809283983762227,-0.0149679941013813,-0.722806675999298,0.150019043199645,-0.9687826916636,-0.593831868777705,-0.532460315789258,-0.597409768325955,-0.238853811506823,-1.10600720177815,0.0251802225573316,1.11371788395118,-0.0765911215500492,-0.622571975330486
"Greet politely",-1.88456588359117,0.343859772161599,-1.18414030619751,-1.36246863302684,-0.661836908928801,-1.27388873800488,0.197319313770246,0.0437166036487684,-0.483169410560591,-0.439833108276512,-1.73993605219982,-1.2651814430567,0.743873682557087,-0.308457502378262,-1.92620349040539,-1.44219251251574,0.171077415358352,-0.777773341644649,-1.44386287759114,1.04011034860088,-0.890901983218026,-1.61856700673693,0.49590954288106,-0.633376996235309,-1.09949899561944,-1.68447076124513
"Praise others' strength",-1.13498406254783,-0.568069957014408,-0.36966398534717,-1.45436295703541,0.179310270243578,-0.631579118412184,0.00672740551709922,-0.248679805582962,-0.527013344126398,-0.995092102392098,-1.38702436886166,-0.631001644504335,0.831544814016108,0.315824702296712,-1.27086537312021,-1.16528615500002,-0.163483831944014,-0.132370306602766,-1.41248672382419,0.324109649701698,-0.29908299955227,-0.753632117544654,0.269461781738544,-0.0417354261898536,-0.582957803798892,-0.814160762647244
"Enforce law impartially",1.18719107163221,-0.497195726378255,2.27384222748018,1.42210386732645,0.0576611216356167,0.0082319490143375,-1.08506375591462,0.340333439175229,-0.303838557977893,1.91327793696159,0.535006553463107,1.57418876507737,-0.86119802741836,0.408026243435069,-0.571469309067609,0.449460864917441,-0.131794367265539,0.566950304693237,1.76696352456008,1.04011034860088,1.03243949312334,0.957134048261944,-1.44395665453452,-1.46402011515583,-0.135789868417979,0.862241126374389
"Obey rule and regulation",1.50678654885788,0.5767082734685,0.751182527153113,1.16527531151859,-0.215901750598259,-0.0796692680549333,-0.815180040437227,1.72243975281175,0.619052000077894,2.19538465604027,-0.202308316576722,1.88857159222725,-0.746201294119784,1.06320870542398,-0.803606558001863,0.517119242446861,-0.229628979013591,-0.0378269621571695,1.3266720073206,1.33844397314221,0.394382327883881,1.87614952064716,-0.666641840209196,-1.35653091084187,-0.495645062489529,-0.153766179804034
"Care for public property",-0.00633150003069149,0.918752912306242,0.324592507952736,0.521946618794423,0.109997863021272,-1.01699214710053,-0.8554323083415,1.58372378093123,0.418626506168207,1.69475373225988,0.0373628584743412,1.2042272607304,0.0822813479357755,1.99282283552038,0.305302904308399,-0.0812272234491203,0.312321886496698,0.0441106030290145,0.215587032749774,0.662221090848535,0.305656569423702,0.608133642133618,-0.240771474938344,0.50792714110293,-0.411927466430826,-0.371001239949827
"Respect privacy",0.259018019000965,1.56649510685089,0.512096778257123,0.340251765501533,0.505196062844719,-0.901831606350296,0.352600178031729,0.542650124678826,-0.184075645938399,0.412764698477469,-0.162153277304565,0.688858861642422,1.00120468878403,1.41671380075465,-0.062927438659757,-0.784687204031607,-0.0614592139547775,-0.794495293723462,0.411281265874011,0.595924729839351,1.73422389307061,0.729465547108975,0.140754293567797,-1.11351184021898,0.0117053144563536,-0.440858898700159
"Preserve national secret",2.48258800594203,0.184324989669731,0.468231782428579,1.20037716424859,0.441909619640147,-0.768954059330801,-0.840918269433709,1.66238197599926,1.10172367309053,2.16383544307821,-0.125415688183229,2.26981699967665,0.0113708739615674,1.76021061978839,0.130058410163455,-0.0360003402754017,1.05617410129095,0.101737022500617,0.473363668599815,1.66329614208721,-0.133015476594496,1.06343036695152,-0.751815913263366,0.243436273575762,-0.400620154755365,0.814053467466188
"Respect others' opinion",0.174284559142117,1.96476413990664,0.318224867481514,-0.207597150810455,0.981551282650096,-0.204302647760897,0.615130113795846,-0.263994367174499,-0.456944763052096,0.0663724776901918,-0.0912411866750098,-0.0209518888341756,0.977615615286883,0.784625391088128,-0.633074143725093,0.210928044868466,-0.313247241773134,-0.963928014051436,0.0135902258187558,0.430183827316392,0.0553408821477819,0.567533934188073,0.193210706813858,0.0839893720358613,0.140608667556611,0.285412483663125
"Recycle",-0.736348379578614,-0.358299788320408,-0.872170142833109,0.218346383778774,-0.161377833052498,-0.450638513359653,-0.68765001856744,-0.0437253536451592,-0.514520958214909,-0.203245806690203,-0.161388847665565,-0.611672168953033,-0.705135295723946,0.698476832072285,-0.339354498608918,-0.863340392815327,-1.02605560221665,-0.749903421513294,-0.655972794109951,-0.100187060757078,-0.663387328842486,-0.192985595006154,-0.734311467172033,-0.421842177676928,-0.652207839534376,0.0838012258726456
"Bravely stop thief",-0.17011595512288,-0.345392443458607,0.608748463981034,1.39148725133417,0.843686624216897,-1.26693822016079,0.677637241358731,-0.160050853393642,0.414980080010258,-0.0769098489647336,1.28855431171934,-0.400445249374344,-0.356074309359327,-0.363886317699371,-0.458278419091403,1.61348127248563,-0.562307338629211,2.82098369131684,1.81761653096817,0.039035297362208,3.79421460318198,-0.0982529431332155,0.440621109495019,0.325908808855021,0.888413376247203,1.20036803255304
"Recognize and fix one's error",-0.457344161794944,-0.588452088700621,-0.383542176117783,-0.581366878954016,-0.828852398648084,0.648997009086127,-0.457908909367012,0.636378758640944,-0.439904274797632,-0.299451431401648,-0.225091317582202,-0.626809710047426,-0.398917712078499,1.03801766104255,-0.170031268848584,0.112705420555683,-1.09639075552741,0.23204676444812,-0.595544646114343,-0.100187060757078,0.498763143353559,0.45452872857377,-0.466775695238166,-0.702248797626409,-0.668021163234353,-0.285700510804457
"Spend time with family",0.658631949044953,-0.128927665229619,-0.525793631516564,-0.671981661742212,-0.142111333417823,-1.4043131610794,1.84026981402839,-0.630892161899406,-1.43861988361348,-0.438473845133022,0.520482390322114,0.6517302993098,0.163187731597032,-1.36646007219359,0.255968176037804,-0.63356703232356,1.91874587156358,-1.65857000979598,-0.754517158533557,1.20585125112384,-0.784728477842774,0.91160034803135,1.11525384686059,0.0704272217899384,-0.554863483251399,-0.685118143011215
"Be factual",-0.339241207663726,-0.712945222579484,0.364145351648983,-0.582748201862373,-0.907440724774787,0.747894246645594,-1.33821762254431,1.29678754821831,-0.320382528509325,1.03632666555342,-1.13890324853636,0.521780331145623,-1.33451051895841,0.604701885795047,-0.379407177488397,-0.853950616064462,-0.956493362678533,0.286321647370592,-0.282291518343843,-0.451557774105752,-0.503547751057819,1.52890722687183,-1.42585716401051,-1.52010143914573,-1.52645873551883,-0.558379855868686
"Practice self-discipline",-1.01446096591392,-1.16633184503134,-1.07071671030386,-1.32866257237496,-2.17136421833915,2.50514869922957,-1.70544699697626,2.6926935452001,-1.00533865778668,-0.148271163997948,-1.04812722890515,-0.280605240782712,-1.97073504933811,2.86374145225262,-0.787086230368801,0.599531590988627,-1.2494731480273,-0.371774181613466,-1.16823208234675,-0.604039404426874,-0.47853167216236,-0.173727921036448,-1.96884187973084,-2.09259828820925,-1.4562229341501,-1.24535898049353
"Value science",0.918845670934062,1.99590956305817,-0.449871764359683,0.662928796893643,-0.344115882941134,1.63847443961065,-0.819408463772364,0.0748810382552547,0.295934990736062,0.339224564581896,0.407920125979417,0.248318253927269,-0.433192434253836,0.866923735175889,1.05924690245401,0.844052424377341,-0.100468626715368,-0.0447124718366808,0.299779712024423,-1.02170647878473,0.115850362393738,0.820532947570162,-0.937170919862204,1.23723032369083,-0.188466719444526,0.696329186842352
"Value mental health",-0.107737290549373,0.276464992918906,-1.07224739310944,0.00273537943679098,0.522096206688028,-0.717438456486319,1.25359577390246,-1.21251966064182,-1.11044152939813,-0.59071131720388,-0.212987848298041,-0.111201771847627,1.10917006363634,-0.766048671197053,0.28840993770617,-0.00989648241733551,-0.49738258172697,-0.470025108194185,-0.248580829326376,-0.0670388802524855,-0.562871595295621,-0.535442060113155,0.310832045793427,0.118942017939928,-0.146826922918779,-0.138662151695375
"Appreciate fine art and music",-1.7656040518199,-2.53468096172513,-2.06106848551561,-2.3463028921457,-2.78299796191358,-1.30128195539044,-2.23787377996726,-2.15420227765335,-1.78503036861858,-2.04648214388146,-1.86251780502512,-2.19459319693137,-2.6365674312398,-2.09148516018941,-0.902271740547709,-1.14329777022769,-2.15760136537,-1.74410922619914,-2.1978866363715,-1.93659626071147,-1.94661813077014,-2.00181305937595,-2.64418681526963,0.058854885093611,-2.72046735878723,-2.42488917560411
"Enjoy the beauty of nature",-1.26774616555248,-1.03977071889536,-0.859788619694622,-1.78903776454582,-1.864650522881,-0.414405498577605,-1.57559588078907,-0.886677924651672,-0.126978945033829,-0.995931647274841,-1.13112244685368,-1.15252760781977,-1.70013305752077,-1.19486635881223,-0.564049118898781,-1.26123547037021,-0.526025856830899,-0.977699033410458,-1.66166982860828,0.0589242056649627,-0.517127908172496,-1.30672718646811,-1.57052996241672,-0.0079085958467417,-1.77228404030938,-1.61343494753571
"Yield to pedestrian when driving",-1.21691225505991,0.264866821607373,0.947029364014721,0.567312171153083,0.902978793106964,-0.338430806987635,0.532883893318366,0.851268797480923,0.447971554772648,1.43323150345244,-0.509204333410402,0.653826266538254,1.0645227281711,1.29048175418395,-1.34639328186437,-0.280069554643919,0.709356649879486,-0.100534282452719,0.299256776128307,0.0125167529585347,-1.13105634061443,-1.67197495587958,0.441474984914109,-0.844911814793689,0.0242738262802318,-0.31642494405113
"Pay attention in class",-0.15337426345722,0.192090908828248,-0.38007262842513,-0.857631460625344,-1.64542695887583,1.49773246582638,-1.0360998393237,1.86733642793706,-0.551322851846054,-0.562166791190595,-0.751592231443204,-0.123777575218353,-1.82774519276287,1.34671974929077,-0.70555041979272,-1.01136746159368,-1.32285449091261,-0.109859986496672,-1.49528490737587,-0.590780132225037,0.0251253829328745,-0.692486862949285,-1.84961507707267,1.39301177921832,-1.62010647067713,-1.46859119080139
"Serve the country loyally",2.48610229690392,1.9202706782616,0.0539677879257858,1.56086762006308,1.33999939457641,0.694470658510576,0.0123828122965982,-0.687023831619308,1.65638560756067,1.52982980418312,1.54547333198649,1.52393212864399,1.38459193825958,-1.61530982895883,1.33413906382479,2.68867801236921,2.10486350801668,1.93257639112964,1.4594274142253,1.15944379841741,1.56992781682006,0.557366745421098,0.80826022073904,1.41415354818277,1.468596508562,1.95498851382796
"Oppose discrimination",-0.34641621837758,1.73914375172235,2.02952824412252,0.888360695537447,1.01700219481863,0.514643044877526,0.927665751610271,-0.0797308654720705,0.672762151454107,0.954657605015405,0.647782408440231,-0.363416495004981,0.510370505631918,0.528706417587152,-0.0404740041133154,0.443040726903701,0.58160504488647,1.35706254041716,1.44356356057002,-0.173113057867181,2.50397354579738,-0.258960120417665,1.30452956475875,0.501850217450773,0.500050709855404,1.05804161383683
"Advocate for equal right",0.784092136384344,1.29411571068058,2.43922400082999,0.93256302860486,0.831081855445862,0.0909113116042461,-0.193295402684132,-0.0437253536451592,0.84174699331088,0.906554792659683,0.51564100260845,1.05648485964912,0.667026147574489,-0.266964561144374,0.58935904594889,0.877634684756907,0.504571305546112,0.64173459037904,1.63448643087741,0.781554540665064,0.661534430033344,1.1509775149579,0.444136229970271,0.612546687025602,0.110035436372575,0.969392587322164
"Respect elders",1.26861346594085,2.28736562380256,0.580261651346618,-0.392502364938709,0.329469352762161,-0.439977227130955,1.60672045558888,-0.259758424606627,1.04318893739715,0.782681008961675,0.427395708373021,1.69353632591633,0.513257280360589,0.086571292482244,0.00274045995909329,-0.0191643140155923,1.59485432115278,-0.462916586055418,-0.205138665488875,0.934036170986187,-0.2119967224762,-0.0366833102774851,1.36702742355824,-0.0139780032049555,0.360330292159321,0.682817419039553
"Use the Internet ethically",-0.662572246022961,-0.61161360198041,-0.812031316160454,-0.75080915571243,-0.233627206682528,-1.02939405148901,-1.14548731255875,0.609517503785946,-1.04749726833831,1.16817519047193,-1.27002416578143,-0.443861713392329,-0.506026218876428,1.3115204286124,-0.842450052364905,-1.74364730598143,-1.06911794097834,-1.12057335926032,-0.827379560059029,-0.425039229702078,-0.226147231750399,-0.221971960566482,-0.87281717577683,-0.868415683522398,-1.35477122106193,-1.64141612781393
"Persevere",-0.468960845807851,-1.01925623570469,-0.442177532123622,-0.853947932869726,-2.14206797842209,2.30671822901379,-1.44760509577936,2.56787443753348,0.839991306642238,-0.659535341035914,0.585841124456583,-1.22988934724806,-1.75276923800432,1.69828139352208,-0.689444580666581,1.51663047253476,-0.961749176332524,0.875191621346025,-1.16593213280365,0.085442750068636,-0.74648167277594,-1.05892473623359,-1.4665570765645,-0.447805753598176,-1.81910790788853,-1.43786675755472
"Protect wildlife",0.0266843387428326,0.609532644324742,0.690902396846358,0.429336467529703,-0.225900725825283,0.272805909302044,-0.0291741241600448,0.753539551093592,1.29446334143923,1.72921105294735,1.01877291039003,1.65030897172347,0.207481218715929,0.533089474759746,0.665923727333152,0.193073223173448,1.54045978798012,0.334236471596422,0.967005689630066,0.788184176765983,0.462842619811362,-0.085537649985435,0.533595006088949,0.937051442078249,0.0214302715689472,0.119625666257431
"Uphold justice bravely",1.22320279207222,1.67674391006269,0.460750570216295,1.59559802461605,1.32511876477727,0.379772334652738,0.674164623160793,-0.00321915283988392,2.04219775299471,-0.101886309226359,2.08667131569254,-0.132947431842842,0.64217697399737,-0.899512762102534,0.627207767895317,1.52129467536525,0.511269891575709,2.78975062216963,1.80744263651868,0.343998558004453,1.69064032450608,0.11194184112454,1.05779514678436,0.663435295831249,1.63025033710908,1.61921435048931
"Value relationship",0.355270543679334,0.222862633614253,-0.763705473298499,-0.0304163703637683,-0.114050717225162,-0.657336919834424,0.534763806929279,-1.36564200214748,-0.144572695893958,-0.545855633468717,0.0256234033039896,-0.984920682223361,0.712562564178866,-0.865982374732191,0.324648075739984,-0.201795113157712,-0.0614592139547775,0.21718280704473,-0.371595273460292,0.0257760251603706,-0.86020556159593,0.663302292896357,0.241881605701955,-0.468576614335175,0.585632148497974,-0.326300654737561
"Adhere to principle",1.04231442672838,-0.662568931195944,1.44693336073117,-0.0840906319456263,-0.904849900836544,0.752346212323512,-1.65298565777169,1.82856126135423,1.76348249434782,1.5903019111446,-0.283879596962412,0.953549580207244,-1.39900514126602,0.563478671156396,-1.4544719391582,0.365905002782569,-0.815050142284365,0.605968192877134,0.394879339989489,-0.166483421766262,-0.368460925022342,0.436563050931767,-1.57709667099686,-1.57462494858035,-1.12343901814112,-0.428349665164013
"Offer seat to the elderly",-0.916590403105186,1.58317139641234,0.195689680782004,-0.0222073656512491,0.39805552829092,-1.00785390176164,1.36938278638799,-0.441681010679442,-0.19595623241793,-0.141761008942287,-0.87383727121323,-0.2912343253654,0.93951018886842,0.303601828691519,-1.15007157967417,-1.1820772851898,0.490645297747741,-0.589211329387506,0.261140559700309,1.11303634571098,-0.667319680893422,-0.675574345720779,0.97275627067155,0.612546687025602,0.498673537279546,0.222788859427993
"Be dedicated to one's job",1.49038652436907,1.46087860629506,0.705400149704944,0.75575369633521,-0.173360655996015,1.78229484344351,-0.414153920072993,1.03129635661548,0.803498105172612,0.770590721001161,0.883586468846943,1.21434778820494,0.533354731090674,0.601465166652209,-0.140235466465227,1.47092128479591,0.903137174307094,0.133573046650665,0.605581003275272,0.0522945695640439,0.34666538366917,1.31229691006058,-0.0431135466761264,1.44753528865295,0.00702292769843854,0.789654652829123
"Stop bullying",0.86308558767211,-0.319778534655076,1.43330815781315,0.906778334315535,1.32883892222706,0.0449209161636094,1.38257873554016,0.257820807905223,0.955866626772597,0.922445900312913,1.06191091630025,0.139528307856239,1.20342554961852,0.425923726889828,-0.0895020732178871,0.877634684756907,0.586628984408667,2.34714145308355,2.04663738900129,0.0920723861695548,3.64745360699529,0.116278384003644,1.11142326685551,0.0455021889055402,1.59123044745979,0.912552385815817
"Lead teams effectively",0.0920281863154324,-0.0406822996336253,-0.464085247554375,-0.126911642104682,-0.288034509385629,0.974399357564981,-0.259969672084543,-0.810128391103701,-2.08586052664932,-1.28801330981415,0.513220308751618,-0.323193885811308,0.17411279929042,-0.92383872941043,-0.519829962369425,1.89034972432819,-1.20691742501575,-0.832119685900791,-0.0504566043991567,-1.72444790548208,-0.383470572359617,0.270225656211842,-0.891491253301604,0.349276027184145,-0.468531977402336,-0.921312223595019
"Pray for family's health",-0.701294526065983,-0.620878207292325,-0.325752522362028,-1.21125012516464,-0.553560747364015,-1.11310690611129,1.38605135373809,-0.822344546902117,1.1533813769948,-0.805389939928802,-0.975506413200182,-0.633621603539903,0.0423693359289683,-0.697015520728701,-0.786079615423418,-0.36770747098533,1.2648608199053,-0.941334935415539,-0.735381578334948,0.900887990481595,-0.599720676589249,-0.577568476653025,0.720704106337172,-0.0375812540424539,-0.351960057075069,-0.704320913790386
"Share joys and sorrows",0.973785752971574,-0.252201413556399,-0.0889558923384469,0.0342156124406832,0.599469229278088,0.468135903420703,0.681314131215371,0.946426221594903,0.481831226239311,-0.0902900955334614,1.18603080719468,0.292795911436972,1.00029741672645,0.38910604664004,0.897454274408922,0.344269372846154,1.14428627137256,0.777890762687431,0.169445630151318,-1.17418810910585,-0.0200016613491293,-0.635474078626945,0.647472429769433,0.0235095128310712,0.66944293668587,0.728657616236462
"Pray to God",0.0824444220047842,-0.176177152320388,-1.6239054762413,-1.49525011512277,-1.10414404993215,-2.22741801541678,-0.556878528008247,-0.999071600785873,2.63079170865687,-2.10674280990951,-1.35313465486601,-1.96375733950425,-0.957595683536496,-1.37967667536018,-0.227206997746379,-0.956796288476883,-1.70529222561772,-1.22006897412925,-0.875954494409345,-2.5266338736932,-0.216363165337953,-0.108354537133953,-0.719977033574069,0.181032055214456,-0.616905107793777,-0.88329073745226
"Read religious scripts",-0.196355994304975,-0.563900884624046,-2.29563469202248,-1.56486878970394,-1.64989114781557,-0.981558134561993,-1.17257373450266,-1.82857001135062,1.37911252010589,-1.93298367140006,-1.86148036480077,-2.29280423277895,-2.01025808834654,-1.77590504376266,-0.662064654152144,-2.05241753336022,-1.70644055465136,-1.76018802627492,-1.19721144658984,-2.69237477621616,-1.60925843823709,-0.830388926504798,-1.18194498218693,-0.431189065008578,-1.58615916668225,-1.43287403715214
"Adhere to female chastity",-1.54156800299956,-1.83546796368443,-0.852625024164497,-1.54497773982361,-1.54609875496658,-1.29727518628031,-1.06006090488947,-1.26071165339476,-0.087011254400631,-0.853320956526111,-1.9921978330697,-0.501470869785849,-0.664546808937363,-1.45085752384311,-1.75645642277332,-2.54775587395882,-0.736676685738088,-1.43661825354988,-1.96889051729144,1.8018555365964,-1.66529445496292,-1.71634463670578,-0.302826871020668,-2.3846885173233,-0.479945295124755,-1.0768546669063
"Do good without expecting a reward",-1.59732808626151,-1.61867619938561,-0.48051603412744,0.371193398648722,-0.997003515378354,-1.14101119098539,-0.116203278689908,-0.943863149317943,-0.300327184640609,-0.352364524992943,-0.0967945431700955,-1.12816507109374,-0.764800371300224,-1.28149619469408,0.809203750020693,-1.02815859178346,0.312321886496698,-1.41906020386713,-1.77017487676742,-3.24727531786303,-1.61726358348364,-1.62267531051713,0.965861226662404,-0.440535952340227,1.33916196032535,1.05234855708818
"Take the less share",-1.75066831523188,-1.97721642495673,-0.893218732168539,-1.06759254269555,-1.11753661675138,-1.24518718784867,-0.972550926301431,-0.71342787362571,-1.07458500551164,-0.760551246982932,-1.76707330438431,-1.55867673981828,-0.965307496025947,-1.27413265864412,-0.879493482355026,-1.96006631731642,-1.05619923934983,-1.38979678772921,-2.00863364539624,-1.99626298561973,-1.80938706940076,-1.48217132123416,0.0350302854275415,-1.73975329143949,-0.37459159307166,-0.406293911297651
"Treat disabled people kindly",-0.0701213613647225,0.467712916857731,0.653852583985525,0.663665502444767,1.57436931391285,-0.833443962150929,1.66386080957314,-0.274160629337392,0.329086486067475,0.791795226039602,0.37604765686446,0.0598291539942579,1.68755600034516,-0.176965787200448,0.377567261440156,0.327258750758465,0.94734784210243,0.305530453861126,0.662987743871099,0.595924729839351,0.409817085058595,0.237701584618561,1.4485143073027,0.93345648541223,1.82534978535555,0.712843569712438
"Protect nature",0.184671241318363,-0.156721481165365,-0.241786370389381,0.76017392964195,-0.0885410661409235,-0.365006316391534,-0.434989629260621,-0.0128634863649493,0.0980882829504618,0.947294929654835,-0.273505194718846,0.603223629165568,-0.885618766968288,0.23328836415433,-0.159562473416594,0.261959911131531,0.50265742382337,-0.577109916698892,0.362706331523696,0.993702895894453,0.319981566180681,0.0373533036039479,-0.475202971249346,1.47246032153734,-0.447168587819347,0.0568769198959551
"Fulfill one's duties",1.80403699271755,1.02764250039662,0.180259323938363,1.19087041246755,0.243482986252364,1.59360872667583,-0.525624964226804,1.67853829540877,1.14021372697999,1.60404557181766,1.47998491782398,1.43038212468064,-0.0235023957517583,1.35710422320738,-0.483591824335611,1.40235750318763,0.295240492121227,0.454773876164533,0.901722506445092,0.423554191215473,0.226921752689575,1.94358913968617,-0.0856329847325333,0.343434222601864,0.159200497330686,1.34701507469456
